Longitude,Latitude,Time,Temperature,elevation
10.2081763,46.6661798,2019-05-23T06:01:05Z,15,1862
10.2102415,46.6658754,2019-05-23T10:01:10Z,29,1863
10.2097555,46.6658342,2019-05-23T14:01:06Z,26.5,1863
10.2097555,46.6658342,2019-05-23T18:01:10Z,33,1863
10.1854956,46.6411262,2019-05-23T20:00:51Z,8,1847
10.1854936,46.6410528,2019-05-23T22:00:33Z,23.5,1847
10.1854936,46.6410528,2019-05-24T02:01:10Z,23,1847
10.1854936,46.6410528,2019-05-24T06:01:10Z,16.5,1847
10.1955371,46.6293443,2019-05-24T10:01:08Z,21.5,1734
10.1955371,46.6293443,2019-05-24T14:01:10Z,26,1734
10.2024427,46.6327525,2019-05-24T18:00:34Z,26,2050
10.1858026,46.6411367,2019-05-24T20:01:10Z,24,1863
10.1973689,46.6604496,2019-05-24T22:01:08Z,7.5,1762
10.1973689,46.6604496,2019-05-25T02:01:10Z,6.5,1762
10.1973689,46.6604496,2019-05-25T06:01:10Z,27.5,1762
10.1921679,46.6414224,2019-05-25T10:00:59Z,17,2026
10.1921679,46.6414224,2019-05-25T14:01:10Z,28,2026
10.1921679,46.6414224,2019-05-25T18:01:10Z,27.5,2026
10.2107331,46.6634982,2019-05-25T20:00:35Z,6.5,1796
10.2109812,46.6632465,2019-05-25T22:00:35Z,7,1799
10.2109812,46.6632465,2019-05-26T02:01:10Z,7.5,1799
10.2109812,46.6632465,2019-05-26T06:01:10Z,28,1799
10.2109812,46.6632465,2019-05-26T10:01:10Z,22.5,1799
10.1415372,46.5361935,2019-05-26T14:01:05Z,30,1829
10.198368,46.6324408,2019-05-26T18:01:01Z,29,1884
10.198368,46.6324408,2019-05-26T20:01:10Z,6.5,1884
10.1966454,46.6587113,2019-05-26T22:00:35Z,11,1765
10.1970478,46.6583347,2019-05-27T02:01:05Z,7,1779
10.1970478,46.6583347,2019-05-27T06:01:10Z,21,1779
10.1970478,46.6583347,2019-05-27T10:01:10Z,26,1779
10.1970478,46.6583347,2019-05-27T14:01:10Z,18,1779
10.1970478,46.6583347,2019-05-27T18:01:10Z,8,1779
10.1970478,46.6583347,2019-05-27T20:01:10Z,22.5,1779
10.1970478,46.6583347,2019-05-27T22:01:10Z,23,1779
10.1970478,46.6583347,2019-05-28T02:01:10Z,6,1779
10.1970478,46.6583347,2019-05-28T06:01:10Z,24.5,1779
10.1970478,46.6583347,2019-05-28T10:01:10Z,20.5,1779
10.1970478,46.6583347,2019-05-28T14:01:10Z,24.5,1779
10.2079552,46.6626801,2019-05-28T18:01:03Z,15,1802
10.1968932,46.6590132,2019-05-28T20:00:34Z,6.5,1774
10.1968932,46.6590132,2019-05-28T22:01:10Z,15,1774
10.1968932,46.6590132,2019-05-29T02:01:10Z,27,1774
10.1968932,46.6590132,2019-05-29T06:01:10Z,26.5,1774
10.1968932,46.6590132,2019-05-29T10:01:10Z,17.5,1774
10.1968932,46.6590132,2019-05-29T14:01:10Z,24,1774
10.1967147,46.6321226,2019-05-29T18:01:10Z,24,1827
10.1942494,46.6412155,2019-05-29T20:00:35Z,7.5,2046
10.1711678,46.6540991,2019-05-29T22:01:05Z,8,1767
10.1711678,46.6540991,2019-05-30T02:01:10Z,12,1767
10.1711678,46.6540991,2019-05-30T06:01:10Z,28,1767
10.1711678,46.6540991,2019-05-30T10:01:10Z,16.5,1767
10.2033325,46.6447503,2019-05-30T14:00:57Z,28.5,2368
10.1858338,46.639477,2019-05-30T18:01:10Z,26.5,1831
10.1858338,46.639477,2019-05-30T20:01:10Z,19.5,1831
10.1858338,46.639477,2019-05-30T22:01:10Z,22.5,1831
10.1976485,46.659485,2019-05-31T02:00:33Z,6,1780
10.2037531,46.6600618,2019-05-31T06:01:07Z,19.5,1840
10.2037531,46.6600618,2019-05-31T10:01:10Z,25,1840
10.1963003,46.6687923,2019-05-31T14:00:38Z,26,1937
10.1963003,46.6687923,2019-05-31T18:01:10Z,8.5,1937
10.2083426,46.6647568,2019-05-31T20:00:36Z,6.5,1805
10.2083426,46.6647568,2019-05-31T22:01:10Z,7,1805
10.2083426,46.6647568,2019-06-01T02:01:10Z,19.5,1805
10.2083426,46.6647568,2019-06-01T06:01:10Z,24,1805
10.1854993,46.6410746,2019-06-01T10:00:36Z,26.5,1847
10.2018906,46.6448437,2019-06-01T14:01:10Z,25,2299
10.2018906,46.6448437,2019-06-01T18:01:10Z,8,2299
10.2106727,46.6633175,2019-06-01T20:00:33Z,8.5,1798
10.2097447,46.6628833,2019-06-01T22:00:36Z,7,1797
10.1854838,46.6411054,2019-06-02T02:01:10Z,11,1847
10.2058454,46.6352094,2019-06-02T06:01:08Z,25,2153
10.2058454,46.6352094,2019-06-02T10:01:10Z,25,2153
10.2058454,46.6352094,2019-06-02T14:01:10Z,27,2153
10.20746,46.6636481,2019-06-02T18:00:33Z,9.5,1784
10.2139835,46.6663041,2019-06-02T20:00:11Z,7,1914
10.1913112,46.6558452,2019-06-02T22:01:03Z,7,1742
10.1913112,46.6558452,2019-06-03T02:01:10Z,24.5,1742
10.1913112,46.6558452,2019-06-03T06:01:10Z,16.5,1742
10.1707825,46.6539618,2019-06-03T10:01:03Z,26,1767
10.1942022,46.6659976,2019-06-03T14:00:43Z,24.5,1876
10.1942022,46.6659976,2019-06-03T18:01:10Z,12.5,1876
10.2101325,46.6635381,2019-06-03T20:00:33Z,8.5,1795
10.2136421,46.6697177,2019-06-03T22:00:48Z,8.5,2115
10.2136421,46.6697177,2019-06-04T02:01:10Z,19,2115
10.2136421,46.6697177,2019-06-04T06:01:10Z,17,2115
10.2136421,46.6697177,2019-06-04T10:01:10Z,25,2115
10.1856144,46.6418152,2019-06-04T14:01:09Z,23,1868
10.1786849,46.6483037,2019-06-04T18:01:10Z,14,1835
10.1734077,46.658332,2019-06-04T20:01:02Z,11,1753
10.2096429,46.665002200000004,2019-06-04T22:00:36Z,7,1806
10.2096429,46.665002200000004,2019-06-05T02:01:10Z,11,1806
10.2017265,46.6353178,2019-06-05T06:01:08Z,25,2097
10.1963101,46.6419434,2019-06-05T10:01:08Z,26,2084
10.1943357,46.645285199999996,2019-06-05T14:00:36Z,25.5,2096
10.1943357,46.645285199999996,2019-06-05T18:01:10Z,12.5,2096
10.2098746,46.6632941,2019-06-05T20:00:57Z,10.5,1797
10.2105243,46.6632739,2019-06-05T22:00:33Z,9.5,1798
10.2105243,46.6632739,2019-06-06T02:01:10Z,22,1798
10.2105243,46.6632739,2019-06-06T06:01:10Z,25,1798
10.1851771,46.6468785,2019-06-06T10:00:53Z,22.5,1956
10.1842134,46.6471347,2019-06-06T14:01:08Z,30,1913
10.201014,46.6630256,2019-06-06T18:00:33Z,11.5,1775
10.2106795,46.6676229,2019-06-06T20:00:26Z,10.5,1996
10.2105742,46.6634684,2019-06-06T22:00:33Z,9.5,1796
10.1854868,46.6412185,2019-06-07T02:01:08Z,17.5,1847
10.1933638,46.649704,2019-06-07T06:01:10Z,26,1989
10.1933638,46.649704,2019-06-07T10:01:10Z,25,1989
10.1933638,46.649704,2019-06-07T14:01:10Z,27,1989
10.1933638,46.649704,2019-06-07T18:01:10Z,11.5,1989
10.2127247,46.6630873,2019-06-07T20:01:03Z,10,1805
10.1926807,46.6531467,2019-06-07T22:00:33Z,11.5,1825
10.18531,46.6421626,2019-06-08T02:01:07Z,19.5,1868
10.1988004,46.6347254,2019-06-08T06:00:37Z,22.5,1937
10.2278573,46.643063,2019-06-08T10:01:06Z,27,2395
10.2278573,46.643063,2019-06-08T14:01:10Z,23.5,2395
10.1877242,46.6415211,2019-06-08T18:01:03Z,15,1920
10.1924619,46.6533136,2019-06-08T20:00:38Z,9.5,1808
10.2005312,46.6625246,2019-06-08T22:00:36Z,7.5,1775
10.2005312,46.6625246,2019-06-09T02:01:10Z,5.5,1775
10.1720408,46.6319308,2019-06-09T06:01:07Z,25.5,2069
10.2268488,46.6432729,2019-06-09T10:01:05Z,27.5,2388
10.2139992,46.6314007,2019-06-09T14:01:10Z,26,2177
10.2139992,46.6314007,2019-06-09T18:01:10Z,29,2177
10.2104351,46.663469,2019-06-09T20:00:57Z,10.5,1796
10.2095998,46.6634774,2019-06-09T22:00:35Z,11,1793
10.2095998,46.6634774,2019-06-10T02:01:10Z,20.5,1793
10.1854795,46.6410256,2019-06-10T06:01:07Z,27,1847
10.1923997,46.6416864,2019-06-10T10:00:33Z,21,2031
10.1915364,46.6427809,2019-06-10T14:00:57Z,19,2041
10.2070811,46.65119,2019-06-10T18:00:33Z,11.5,2257
10.2102634,46.6634959,2019-06-10T20:00:19Z,11.5,1796
10.2112158,46.6634005,2019-06-10T22:00:33Z,13,1797
10.2112158,46.6634005,2019-06-11T02:01:10Z,14,1797
10.1943087,46.6487366,2019-06-11T06:01:07Z,23,2041
10.224946,46.6438751,2019-06-11T10:01:07Z,28.5,2404
10.224946,46.6438751,2019-06-11T14:01:10Z,26,2404
10.224946,46.6438751,2019-06-11T18:01:10Z,24,2404
10.224946,46.6438751,2019-06-11T20:01:10Z,11,2404
10.210214,46.6635986,2019-06-11T22:00:33Z,10,1795
10.210214,46.6635986,2019-06-12T02:01:10Z,11.5,1795
10.1993927,46.6503476,2019-06-12T06:01:09Z,22,2126
10.1993927,46.6503476,2019-06-12T10:01:10Z,13.5,2126
10.1743796,46.6540948,2019-06-12T14:01:10Z,28.5,1726
10.1743796,46.6540948,2019-06-12T18:01:10Z,11.5,1726
10.1855039,46.6410381,2019-06-12T20:00:33Z,16.5,1847
10.1856166,46.6410193,2019-06-12T22:00:35Z,14.5,1863
10.1856166,46.6410193,2019-06-13T02:01:10Z,13.5,1863
10.185464,46.6410811,2019-06-13T06:00:35Z,15,1847
10.185464,46.6410811,2019-06-13T10:01:10Z,23,1847
10.185464,46.6410811,2019-06-13T14:01:10Z,23,1847
10.1854993,46.6410499,2019-06-13T18:00:33Z,18.5,1847
10.1855039,46.6410381,2019-06-13T20:00:33Z,11,1847
10.1854663,46.6410566,2019-06-13T22:00:51Z,18,1847
10.1854979,46.6410524,2019-06-14T02:00:33Z,21,1847
10.1843799,46.6409183,2019-06-14T06:00:34Z,17,1826
10.1843799,46.6409183,2019-06-14T10:01:10Z,23.5,1826
10.1849795,46.6426842,2019-06-14T14:00:33Z,24.5,1868
10.2088721,46.6633422,2019-06-14T18:00:33Z,16,1792
10.2002798,46.6618248,2019-06-14T20:00:13Z,12.5,1776
10.2114299,46.6631343,2019-06-14T22:00:33Z,12,1799
10.1713933,46.6168849,2019-06-15T02:01:10Z,12.5,2383
10.1713933,46.6168849,2019-06-15T06:01:10Z,21.5,2383
10.1713933,46.6168849,2019-06-15T10:01:10Z,25,2383
10.193839,46.6415382,2019-06-15T14:00:35Z,22.5,2046
10.1853032,46.641089,2019-06-15T18:00:35Z,24.5,1847
10.1853032,46.641089,2019-06-15T20:01:10Z,11.5,1847
10.1855431,46.6410857,2019-06-15T22:00:35Z,18,1863
10.1854561,46.6410775,2019-06-16T02:00:58Z,23,1847
10.1852923,46.6410894,2019-06-16T06:00:33Z,19,1847
10.1855873,46.6410979,2019-06-16T10:01:06Z,27.5,1863
10.1944418,46.6452789,2019-06-16T14:00:35Z,22,2108
10.1944418,46.6452789,2019-06-16T18:01:10Z,13,2108
10.2084019,46.6642012,2019-06-16T20:01:06Z,10,1791
10.2079349,46.663412,2019-06-16T22:00:33Z,6.5,1787
10.1852689,46.6411043,2019-06-17T02:00:35Z,19.5,1847
10.1856808,46.6413639,2019-06-17T06:00:55Z,22,1863
10.1856808,46.6413639,2019-06-17T10:01:10Z,25,1863
10.1854545,46.6410296,2019-06-17T14:00:36Z,26.5,1847
10.1854116,46.6410644,2019-06-17T18:00:33Z,16.5,1847
10.1852752,46.6411031,2019-06-17T20:00:12Z,21.5,1847
10.1852959,46.6410995,2019-06-17T22:00:33Z,21,1847
10.2038426,46.6485874,2019-06-18T02:01:01Z,8,2315
10.185346,46.6410974,2019-06-18T06:00:35Z,24.5,1847
10.185346,46.6410974,2019-06-18T10:01:10Z,18.5,1847
10.1897898,46.6375169,2019-06-18T14:00:33Z,25.5,1853
10.208668,46.6643201,2019-06-18T18:00:33Z,11.5,1793
10.2101647,46.6636767,2019-06-18T20:00:10Z,12,1795
10.1779444,46.6548039,2019-06-18T22:00:57Z,11.5,1756
10.185325,46.6411434,2019-06-19T02:01:00Z,10,1847
10.185325,46.6411434,2019-06-19T06:01:10Z,14,1847
10.1901768,46.642184,2019-06-19T10:01:07Z,28.5,2001
10.1854301,46.6411159,2019-06-19T14:00:35Z,29.5,1847
10.209667,46.662519,2019-06-19T18:01:10Z,14,1806
10.2081653,46.6632773,2019-06-19T20:00:33Z,9.5,1789
10.1902191,46.6555258,2019-06-19T22:01:10Z,9,1755
10.1853134,46.6409939,2019-06-20T02:00:33Z,25.5,1847
10.1853612,46.6411027,2019-06-20T06:00:34Z,22.5,1847
10.1853612,46.6411027,2019-06-20T10:01:10Z,22,1847
10.1854624,46.6411257,2019-06-20T14:01:06Z,29,1847
10.1853203,46.6410935,2019-06-20T18:01:03Z,24,1847
10.196421,46.6148452,2019-06-20T20:00:42Z,20.5,2192
10.196421,46.6148452,2019-06-20T22:01:10Z,6,2192
10.2105312,46.6546065,2019-06-21T02:01:09Z,7.5,2102
10.1837584,46.6465737,2019-06-21T06:01:09Z,19.5,1905
10.188682,46.6419382,2019-06-21T10:01:06Z,23,1954
10.1853273,46.641119,2019-06-21T14:00:34Z,24,1847
10.1852993,46.6411457,2019-06-21T18:01:09Z,15.5,1847
10.1850936,46.6411642,2019-06-21T20:00:51Z,22,1847
10.185439,46.6410604,2019-06-21T22:00:35Z,19.5,1847
10.1966797,46.6292129,2019-06-22T02:00:38Z,24.5,1752
10.1852429,46.641118,2019-06-22T06:00:33Z,14.5,1847
10.1852429,46.641118,2019-06-22T10:01:10Z,29,1847
10.185547,46.6405721,2019-06-22T14:01:05Z,19.5,1858
10.1851664,46.6410158,2019-06-22T18:00:33Z,16.5,1847
10.1850913,46.6409726,2019-06-22T20:00:37Z,23,1847
10.1851747,46.6408968,2019-06-22T22:01:03Z,19.5,1839
10.1852208,46.6411057,2019-06-23T02:00:59Z,20,1847
10.1851744,46.6409884,2019-06-23T06:01:10Z,24.5,1847
10.1851744,46.6409884,2019-06-23T10:01:10Z,17.5,1847
10.1859879,46.6408835,2019-06-23T14:00:34Z,24,1858
10.2065886,46.662903,2019-06-23T18:00:33Z,11,1785
10.1904107,46.6586576,2019-06-23T20:00:18Z,10,1904
10.1904107,46.6586576,2019-06-23T22:01:10Z,9.5,1904
10.1904107,46.6586576,2019-06-24T02:01:10Z,9.5,1904
10.1850228,46.6407998,2019-06-24T06:00:35Z,24,1839
10.1851648,46.6411469,2019-06-24T10:00:33Z,31,1847
10.1851463,46.6411263,2019-06-24T14:00:35Z,30,1847
10.1856242,46.6408242,2019-06-24T18:00:33Z,27.5,1858
10.1920182,46.6431291,2019-06-24T20:00:32Z,14,2048
10.2078765,46.6633788,2019-06-24T22:00:33Z,9,1784
10.2078765,46.6633788,2019-06-25T02:01:10Z,10.5,1784
10.1852324,46.6410885,2019-06-25T06:00:57Z,18,1847
10.1801131,46.6393576,2019-06-25T10:01:08Z,29,1691
10.1801131,46.6393576,2019-06-25T14:01:10Z,29.5,1691
10.1852093,46.6409995,2019-06-25T18:00:33Z,24.5,1847
10.1799716,46.6383582,2019-06-25T20:00:33Z,11.5,1680
10.1852162,46.6410682,2019-06-25T22:01:10Z,22.5,1847
10.1834938,46.627472,2019-06-26T02:01:08Z,23,2003
10.191647,46.637615,2019-06-26T06:01:10Z,27,1893
10.191647,46.637615,2019-06-26T10:01:10Z,25.5,1893
10.191647,46.637615,2019-06-26T14:01:10Z,28,1893
10.1990324,46.6487343,2019-06-26T18:01:07Z,17.5,2190
10.1990324,46.6487343,2019-06-26T20:01:10Z,15.5,2190
10.1990324,46.6487343,2019-06-26T22:01:10Z,14,2190
10.1852116,46.6409997,2019-06-27T02:00:59Z,22,1847
10.1851401,46.6410902,2019-06-27T06:00:33Z,23.5,1847
10.1851401,46.6410902,2019-06-27T10:01:10Z,28,1847
10.1854653,46.6410539,2019-06-27T14:00:38Z,31,1847
10.1854716,46.6411638,2019-06-27T18:00:35Z,24,1847
10.1851717,46.6410983,2019-06-27T20:00:33Z,24.5,1847
10.185345,46.6409588,2019-06-27T22:00:33Z,18,1839
10.1628193,46.6189567,2019-06-28T02:01:07Z,13.5,2651
10.185119,46.6412536,2019-06-28T06:00:33Z,22,1847
10.1852211,46.6410265,2019-06-28T10:00:52Z,31,1847
10.185127,46.6411089,2019-06-28T14:00:36Z,28,1847
10.2019739,46.6181729,2019-06-28T18:01:06Z,26.5,1971
10.2000831,46.6615904,2019-06-28T20:00:36Z,12.5,1766
10.1851997,46.6409236,2019-06-28T22:00:33Z,12,1839
10.1849664,46.6409078,2019-06-29T02:00:36Z,23,1839
10.1867453,46.6394192,2019-06-29T06:01:10Z,19.5,1874
10.1867453,46.6394192,2019-06-29T10:01:10Z,27.5,1874
10.1864481,46.640564,2019-06-29T14:00:36Z,28,1880
10.1851579,46.6410844,2019-06-29T18:00:33Z,28.5,1847
10.1916912,46.6521577,2019-06-29T20:00:47Z,15.5,1827
10.1916912,46.6521577,2019-06-29T22:01:10Z,16,1827
10.1852386,46.6411678,2019-06-30T02:00:33Z,26,1847
10.1851361,46.6409311,2019-06-30T06:01:05Z,20.5,1839
10.1998051,46.6539878,2019-06-30T10:01:10Z,32,1992
10.1851372,46.6414152,2019-06-30T14:01:05Z,31,1847
10.1806436,46.6281816,2019-06-30T18:01:09Z,21.5,2040
10.1806436,46.6281816,2019-06-30T20:01:10Z,17.5,2040
10.2119593,46.6632352,2019-06-30T22:00:57Z,15,1800
10.2098468,46.6541599,2019-07-01T02:01:09Z,13.5,2124
10.1855484,46.6410509,2019-07-01T06:00:33Z,24.5,1863
10.1855484,46.6410509,2019-07-01T10:01:10Z,26.5,1863
10.2067006,46.6529194,2019-07-01T14:00:36Z,15,2174
10.187775,46.6409248,2019-07-01T18:01:10Z,28.5,1923
10.194773,46.6352427,2019-07-01T20:01:08Z,11.5,1774
10.2133716,46.6634706,2019-07-01T22:01:08Z,12,1810
10.1851734,46.6410165,2019-07-02T02:00:33Z,30,1847
10.1851734,46.6410165,2019-07-02T06:01:10Z,14,1847
10.185206,46.6409841,2019-07-02T10:00:51Z,29,1847
10.1931507,46.6416657,2019-07-02T14:00:33Z,28.5,2037
10.1928304,46.6418764,2019-07-02T18:00:34Z,14,2037
10.1810315,46.653057,2019-07-02T20:00:33Z,14.5,1721
10.1867544,46.6356443,2019-07-02T22:01:08Z,14.5,1720
10.17415,46.6329857,2019-07-03T02:01:08Z,9.5,2029
10.1873157,46.640326,2019-07-03T06:00:33Z,28,1914
10.1849695,46.6418234,2019-07-03T10:00:36Z,26,1856
10.1944146,46.6416454,2019-07-03T14:00:35Z,28,2062
10.1944146,46.6416454,2019-07-03T18:01:10Z,16,2062
10.1936434,46.661523,2019-07-03T20:01:08Z,12.5,1879
10.1947635,46.6425198,2019-07-03T22:00:33Z,9,2073
10.1851526,46.6407857,2019-07-04T02:00:33Z,22,1839
10.1851312,46.6407567,2019-07-04T06:00:53Z,25.5,1839
10.1850204,46.6407995,2019-07-04T10:01:03Z,29,1839
10.1850204,46.6407995,2019-07-04T14:01:10Z,18.5,1839
10.1850181,46.6408919,2019-07-04T18:00:33Z,14,1839
10.1891544,46.6404041,2019-07-04T20:01:02Z,11.5,1967
10.1948162,46.6424633,2019-07-04T22:00:33Z,7,2073
10.1948162,46.6424633,2019-07-05T02:01:10Z,12,2073
10.1948162,46.6424633,2019-07-05T06:01:10Z,34.5,2073
10.1849509,46.6407104,2019-07-05T10:01:03Z,29.5,1839
10.1850999,46.6409225,2019-07-05T14:00:33Z,32,1839
10.1833947,46.6504762,2019-07-05T18:01:10Z,14.5,1768
10.0597711,46.619917,2019-07-05T20:01:10Z,13.5,2714
10.1853312,46.6411178,2019-07-05T22:01:04Z,15.5,1847
10.184939,46.6407143,2019-07-06T02:00:33Z,17,1839
10.1894024,46.6409799,2019-07-06T06:01:07Z,30,1975
10.1849927,46.6407408,2019-07-06T10:00:53Z,29.5,1839
10.19325,46.6410733,2019-07-06T14:00:59Z,22,2038
10.19325,46.6410733,2019-07-06T18:01:10Z,12.5,2038
10.19325,46.6410733,2019-07-06T20:01:10Z,10.5,2038
10.19325,46.6410733,2019-07-06T22:01:10Z,10.5,2038
10.1976864,46.6439691,2019-07-07T02:00:35Z,20,2164
10.1967113,46.6462002,2019-07-07T06:01:05Z,18.5,2170
10.1879418,46.6435343,2019-07-07T10:01:03Z,20.5,1943
10.1879418,46.6435343,2019-07-07T14:01:10Z,17,1943
10.1879418,46.6435343,2019-07-07T18:01:10Z,20,1943
10.1938211,46.6423949,2019-07-07T20:00:34Z,7.5,2065
10.194869,46.643634,2019-07-07T22:00:12Z,8,2097
10.194869,46.643634,2019-07-08T02:01:10Z,8,2097
10.1866633,46.636457299999996,2019-07-08T06:01:10Z,25.5,1777
10.1884398,46.6422899,2019-07-08T10:01:04Z,22.5,1935
10.1906036,46.6381363,2019-07-08T14:00:33Z,16,1872
10.1906036,46.6381363,2019-07-08T18:01:10Z,12,1872
10.194604,46.6435734,2019-07-08T20:00:33Z,9,2097
10.1950686,46.6423656,2019-07-08T22:00:36Z,8,2080
10.1788182,46.6492865,2019-07-09T02:01:06Z,21.5,1828
10.1857422,46.6412648,2019-07-09T06:01:12Z,21,1863
10.1849204,46.6419579,2019-07-09T10:00:33Z,30.5,1856
10.2084361,46.6295789,2019-07-09T14:01:10Z,17.5,2100
10.2333351,46.6382352,2019-07-09T18:00:35Z,11.5,2284
10.2004536,46.6552908,2019-07-09T20:00:33Z,10,1958
10.2004536,46.6552908,2019-07-09T22:01:10Z,8.5,1958
10.2004536,46.6552908,2019-07-10T02:01:10Z,7.5,1958
10.192245,46.641434,2019-07-10T06:01:04Z,23,2026
10.1921923,46.6414473,2019-07-10T10:00:33Z,29.5,2026
10.1949685,46.6415253,2019-07-10T14:00:33Z,26,2060
10.1949685,46.6415253,2019-07-10T18:01:10Z,9,2060
10.1951841,46.6436987,2019-07-10T20:00:51Z,8,2108
10.1853886,46.6411912,2019-07-10T22:00:35Z,17.5,1847
10.1851357,46.6405537,2019-07-11T02:01:05Z,20.5,1839
10.1851357,46.6405537,2019-07-11T06:01:10Z,16,1839
10.1856596,46.6420524,2019-07-11T10:00:34Z,29,1868
10.1870752,46.6420479,2019-07-11T14:00:36Z,23,1899
10.1870752,46.6420479,2019-07-11T18:01:10Z,10.5,1899
10.1948314,46.642481,2019-07-11T20:00:33Z,6.5,2073
10.1777681,46.6391999,2019-07-11T22:01:10Z,7.5,1696
10.1801036,46.6456399,2019-07-12T02:01:10Z,8,1807
10.1801036,46.6456399,2019-07-12T06:01:10Z,29,1807
10.1851403,46.6405234,2019-07-12T10:00:34Z,27,1839
10.1948572,46.6416834,2019-07-12T14:01:06Z,17,2062
10.1948572,46.6416834,2019-07-12T18:01:10Z,17,2062
10.1948572,46.6416834,2019-07-12T20:01:10Z,10,2062
10.182794,46.6423418,2019-07-12T22:01:08Z,20.5,1827
10.205132,46.6511867,2019-07-13T02:01:06Z,6,2208
10.205132,46.6511867,2019-07-13T06:01:10Z,15.5,2208
10.1854598,46.6412418,2019-07-13T10:00:33Z,32,1847
10.2128853,46.6341802,2019-07-13T14:01:06Z,12.5,2201
10.2412346,46.6456328,2019-07-13T18:00:36Z,6.5,2309
10.1976725,46.6571049,2019-07-13T20:01:10Z,10,1832
10.1976725,46.6571049,2019-07-13T22:01:10Z,11.5,1832
10.1846389,46.641302,2019-07-14T02:00:52Z,22,1837
10.1852238,46.6413609,2019-07-14T06:00:59Z,25.5,1847
10.1814131,46.6493243,2019-07-14T10:00:51Z,34,1811
10.1814131,46.6493243,2019-07-14T14:01:10Z,15,1811
10.2086976,46.6642239,2019-07-14T18:01:05Z,13,1793
10.2693021,46.6149108,2019-07-14T20:01:07Z,10,2343
10.2693021,46.6149108,2019-07-14T22:01:10Z,9.5,2343
10.1873525,46.6458575,2019-07-15T02:01:07Z,21,1975
10.1810664,46.6153588,2019-07-15T06:01:04Z,25.5,1837
10.1853125,46.6415281,2019-07-15T10:00:53Z,26,1847
10.1853125,46.6415281,2019-07-15T14:01:10Z,17.5,1847
10.1853125,46.6415281,2019-07-15T18:01:10Z,9.5,1847
10.1853125,46.6415281,2019-07-15T20:01:10Z,10,1847
10.2020498,46.6499364,2019-07-15T22:00:35Z,6,2163
10.1845957,46.6416136,2019-07-16T02:00:33Z,17,1848
10.1845957,46.6416136,2019-07-16T06:01:10Z,10,1848
10.1856326,46.6421127,2019-07-16T10:00:51Z,27,1868
10.1929525,46.6447451,2019-07-16T14:01:08Z,25.5,2075
10.1946318,46.6568651,2019-07-16T18:01:07Z,13,1772
10.2159944,46.6629096,2019-07-16T20:00:51Z,16.5,1828
10.0814681,46.7812807,2019-07-16T22:01:06Z,8.5,2410
10.1846364,46.6415104,2019-07-17T02:00:33Z,20.5,1837
10.1846364,46.6415104,2019-07-17T06:01:10Z,12,1837
10.2176663,46.664238,2019-07-17T10:00:33Z,27,1871
10.1852779,46.6412711,2019-07-17T14:00:33Z,24.5,1847
10.203886,46.65618,2019-07-17T18:01:07Z,19,2002
10.1855382,46.6412818,2019-07-17T20:00:35Z,23,1863
10.1855382,46.6412818,2019-07-17T22:01:10Z,11,1863
10.2022937,46.6692551,2019-07-18T02:01:07Z,7.5,2108
10.2022937,46.6692551,2019-07-18T06:01:10Z,15,2108
10.2121831,46.6660891,2019-07-18T10:01:05Z,27,1892
10.2138101,46.665562,2019-07-18T14:01:03Z,25,1870
10.2138101,46.665562,2019-07-18T18:01:10Z,11.5,1870
10.212256,46.6632174,2019-07-18T20:01:10Z,9.5,1802
10.2129159,46.6634462,2019-07-18T22:01:07Z,21.5,1805
10.1851573,46.6414035,2019-07-19T02:00:58Z,26.5,1847
10.1855481,46.6416921,2019-07-19T06:00:33Z,21.5,1868
10.1855758,46.6414423,2019-07-19T10:01:03Z,26,1863
10.1856707,46.6417998,2019-07-19T14:00:34Z,25,1868
10.1948356,46.6527711,2019-07-19T18:01:06Z,25,1867
10.2078542,46.6400011,2019-07-19T20:00:33Z,10,2352
10.2003864,46.6370018,2019-07-19T22:00:38Z,10,2093
10.2003864,46.6370018,2019-07-20T02:01:10Z,10.5,2093
10.2003864,46.6370018,2019-07-20T06:01:10Z,15.5,2093
10.1929778,46.6487819,2019-07-20T10:01:08Z,32,1994
10.185594,46.6420915,2019-07-20T14:00:34Z,30.5,1868
10.185594,46.6420915,2019-07-20T18:01:10Z,18,1868
10.2122744,46.6432081,2019-07-20T20:00:33Z,11.5,2497
10.2050189,46.6171738,2019-07-20T22:01:10Z,11,1967
10.2183334,46.6594133,2019-07-21T02:01:09Z,23,1935
10.1953967,46.6417758,2019-07-21T06:00:57Z,22.5,2069
10.1852341,46.6415314,2019-07-21T10:01:06Z,26,1847
10.1850858,46.6414754,2019-07-21T14:00:33Z,28,1847
10.1849108,46.6414066,2019-07-21T18:00:35Z,26,1837
10.2069299,46.6643766,2019-07-21T20:00:06Z,10,1788
10.1842791,46.6414796,2019-07-21T22:01:08Z,20,1826
10.184918,46.6412541,2019-07-22T02:01:04Z,20,1837
10.1857152,46.6514335,2019-07-22T06:01:10Z,20.5,1749
10.1855461,46.6413718,2019-07-22T10:01:10Z,33,1863
10.1849111,46.6413521,2019-07-22T14:00:36Z,30,1837
10.2148582,46.6338984,2019-07-22T18:01:06Z,14.5,2225
10.2148582,46.6338984,2019-07-22T20:01:10Z,14,2225
10.1856201,46.6436534,2019-07-22T22:01:10Z,13.5,1900
10.2048186,46.6306913,2019-07-23T02:00:33Z,8.5,2028
10.1930021,46.6418001,2019-07-23T06:00:33Z,21,2037
10.1850755,46.6413728,2019-07-23T10:00:36Z,30.5,1847
10.1852219,46.6415034,2019-07-23T14:00:36Z,33,1847
10.1852219,46.6415034,2019-07-23T18:01:10Z,18,1847
10.1960502,46.6728559,2019-07-23T20:01:08Z,17,2024
10.1960502,46.6728559,2019-07-23T22:01:10Z,15,2024
10.1960502,46.6728559,2019-07-24T02:01:10Z,13.5,2024
10.1864603,46.6483663,2019-07-24T06:00:53Z,24.5,1987
10.1862022,46.6412901,2019-07-24T10:00:34Z,32,1881
10.1944663,46.6414813,2019-07-24T14:00:35Z,27.5,2053
10.1944663,46.6414813,2019-07-24T18:01:10Z,20,2053
10.1949162,46.6440371,2019-07-24T20:00:35Z,14.5,2104
10.188754,46.6330591,2019-07-24T22:01:01Z,14.5,1792
10.2159086,46.6659082,2019-07-25T02:01:08Z,25.5,1909
10.2211689,46.6666344,2019-07-25T06:01:10Z,24.5,1948
10.2281795,46.6730363,2019-07-25T10:01:10Z,28,2083
10.20595,46.6667266,2019-07-25T14:00:36Z,24.5,1880
10.2107208,46.6703353,2019-07-25T18:01:07Z,16,2184
10.2107208,46.6703353,2019-07-25T20:01:10Z,15,2184
10.2083426,46.6370291,2019-07-25T22:01:07Z,13.5,2247
10.1854943,46.6412027,2019-07-26T02:01:10Z,15,1847
10.1857396,46.6417945,2019-07-26T06:00:57Z,31,1868
10.1921148,46.6413979,2019-07-26T10:00:33Z,25,2026
10.1963327,46.6473394,2019-07-26T14:00:51Z,17,2145
10.2075799,46.6498949,2019-07-26T18:01:07Z,12,2323
10.2112874,46.6532159,2019-07-26T20:01:10Z,12,2213
10.2088714,46.6642334,2019-07-26T22:01:10Z,10,1793
10.1846022,46.6402309,2019-07-27T02:01:07Z,28.5,1813
10.1850443,46.6418285,2019-07-27T06:00:33Z,24,1856
10.1991845,46.6348589,2019-07-27T10:01:07Z,19.5,1970
10.2146076,46.6221628,2019-07-27T14:00:35Z,17.5,2072
10.2146076,46.6221628,2019-07-27T18:01:10Z,12,2072
10.1901513,46.6483023,2019-07-27T20:01:10Z,11,1965
10.1606161,46.6783366,2019-07-27T22:00:51Z,11.5,1884
10.1606161,46.6783366,2019-07-28T02:01:10Z,19,1884
10.1701913,46.652324,2019-07-28T06:01:07Z,22,1732
10.1702635,46.6522169,2019-07-28T10:01:07Z,28,1732
10.1964891,46.6432565,2019-07-28T14:01:00Z,19.5,2110
10.1964891,46.6432565,2019-07-28T18:01:10Z,10.5,2110
10.2051783,46.6641628,2019-07-28T20:01:06Z,11.5,1780
10.2051783,46.6641628,2019-07-28T22:01:10Z,12,1780
10.1868556,46.6410713,2019-07-29T02:00:36Z,21,1901
10.1696823,46.6348233,2019-07-29T06:01:06Z,20,1867
10.1975958,46.6478735,2019-07-29T10:01:12Z,27,2172
10.2207053,46.6333953,2019-07-29T14:00:35Z,23,2273
10.1933189,46.6436089,2019-07-29T18:00:33Z,11.5,2078
10.1723558,46.6599021,2019-07-29T20:00:35Z,11.5,1752
10.1680647,46.6552215,2019-07-29T22:01:05Z,22.5,1696
10.185526,46.6391133,2019-07-30T02:01:10Z,20,1812
10.1849718,46.6410835,2019-07-30T06:01:07Z,22,1847
10.221865,46.6270748,2019-07-30T10:00:33Z,30.5,2010
10.224,46.6291737,2019-07-30T14:00:35Z,23,2041
10.2227068,46.641354,2019-07-30T18:00:35Z,12.5,2395
10.2115527,46.6394087,2019-07-30T20:00:35Z,11,2362
10.2115527,46.6394087,2019-07-30T22:01:10Z,12.5,2362
10.203803,46.6545374,2019-07-31T02:01:09Z,22,2049
10.1928836,46.6414829,2019-07-31T06:01:10Z,20.5,2030
10.1940392,46.639537,2019-07-31T10:01:10Z,30.5,1997
10.1922065,46.6413757,2019-07-31T14:00:36Z,25.5,2026
10.2099742,46.6637375,2019-07-31T18:00:33Z,11.5,1795
10.1686697,46.6648494,2019-07-31T20:01:10Z,12.5,1775
10.1131242,46.5523085,2019-07-31T22:01:10Z,11.5,1939
10.2070127,46.6365692,2019-08-01T02:00:58Z,20,2208
10.2070127,46.6365692,2019-08-01T06:01:10Z,26.5,2208
10.2034099,46.6393632,2019-08-01T10:00:34Z,28.5,2196
10.1921725,46.6414106,2019-08-01T14:00:35Z,31,2026
10.2080361,46.6393618,2019-08-01T18:00:35Z,12.5,2329
10.2146749,46.6310304,2019-08-01T20:00:10Z,11.5,2187
10.2146749,46.6310304,2019-08-01T22:01:10Z,12,2187
10.2146749,46.6310304,2019-08-02T02:01:10Z,19,2187
10.1740522,46.6545117,2019-08-02T06:01:07Z,19.5,1745
10.1768035,46.649102,2019-08-02T10:01:10Z,20.5,1856
10.1768035,46.649102,2019-08-02T14:01:10Z,24,1856
10.1708652,46.6579893,2019-08-02T18:01:10Z,11.5,1692
10.1953327,46.6479097,2019-08-02T20:01:08Z,10,2105
10.1878224,46.6392965,2019-08-02T22:00:51Z,9.5,1892
10.2203222,46.625717,2019-08-03T02:01:10Z,8,1995
10.2071142,46.6358042,2019-08-03T06:01:10Z,16.5,2181
10.206489,46.6362804,2019-08-03T10:00:59Z,31,2199
10.2064543,46.6359122,2019-08-03T14:01:06Z,26,2175
10.2064543,46.6359122,2019-08-03T18:01:10Z,12.5,2175
10.2064543,46.6359122,2019-08-03T20:01:10Z,7.5,2175
10.2065309,46.6360576,2019-08-03T22:01:07Z,20,2175
10.2065309,46.6360576,2019-08-04T02:01:10Z,5.5,2175
10.2065309,46.6360576,2019-08-04T06:01:10Z,15.5,2175
10.1921702,46.6414042,2019-08-04T10:01:00Z,30.5,2026
10.1921574,46.6413991,2019-08-04T14:00:33Z,30,2026
10.2059786,46.650109,2019-08-04T18:00:35Z,13.5,2274
10.2114741,46.6533414,2019-08-04T20:00:36Z,20.5,2184
10.206980099999999,46.6364041,2019-08-04T22:00:34Z,15.5,2208
10.2065334,46.6353007,2019-08-05T02:00:33Z,16.5,2156
10.2094746,46.6363813,2019-08-05T06:01:10Z,23,2229
10.2101064,46.6359371,2019-08-05T10:00:35Z,26,2216
10.2073302,46.6394596,2019-08-05T14:01:10Z,23,2320
10.1964635,46.6592332,2019-08-05T18:00:35Z,15,1768
10.1964635,46.6592332,2019-08-05T20:01:10Z,14,1768
10.1947299,46.642426,2019-08-05T22:00:35Z,12.5,2073
10.2007833,46.6312609,2019-08-06T02:00:35Z,17.5,1948
10.203254,46.6305323,2019-08-06T06:00:51Z,23.5,2007
10.2033018,46.6305669,2019-08-06T10:00:35Z,28,2007
10.2032902,46.6305224,2019-08-06T14:00:35Z,35,2007
10.1719134,46.6285993,2019-08-06T18:01:07Z,11.5,2188
10.1719134,46.6285993,2019-08-06T20:01:10Z,10.5,2188
10.1765503,46.6636487,2019-08-06T22:01:04Z,23,1873
10.1765503,46.6636487,2019-08-07T02:01:10Z,15.5,1873
10.1765503,46.6636487,2019-08-07T06:01:10Z,20.5,1873
10.1893947,46.6480922,2019-08-07T10:01:10Z,24,1964
10.1836092,46.6421307,2019-08-07T14:01:09Z,20,1827
10.1933639,46.6420387,2019-08-07T18:00:35Z,10.5,2045
10.1945676,46.6430217,2019-08-07T20:00:12Z,10,2086
10.1949543,46.6435698,2019-08-07T22:00:33Z,10,2108
10.2087325,46.6532499,2019-08-08T02:01:09Z,20.5,2184
10.1966599,46.643807,2019-08-08T06:00:35Z,17,2127
10.1974232,46.6441537,2019-08-08T10:01:09Z,22,2164
10.2071453,46.6361561,2019-08-08T14:00:33Z,28,2181
10.2071453,46.6361561,2019-08-08T18:01:10Z,13.5,2181
10.1898968,46.6543,2019-08-08T20:01:07Z,10,1733
10.173125,46.646322,2019-08-08T22:00:16Z,10.5,1719
10.2075906,46.6358018,2019-08-09T02:01:10Z,8.5,2187
10.1910305,46.6516793,2019-08-09T06:00:47Z,25.5,1803
10.1977571,46.6441473,2019-08-09T10:01:04Z,27,2164
10.2157828,46.6291924,2019-08-09T14:01:09Z,19,2180
10.2129122,46.6266037,2019-08-09T18:00:33Z,14,2114
10.2192841,46.6388166,2019-08-09T20:00:11Z,12.5,2368
10.2150359,46.645531,2019-08-09T22:00:36Z,11.5,2564
10.2150359,46.645531,2019-08-10T02:01:10Z,11.5,2564
10.1914285,46.6425604,2019-08-10T06:01:04Z,26,2034
10.1922533,46.6413891,2019-08-10T10:00:36Z,29,2026
10.1862615,46.6431395,2019-08-10T14:01:00Z,25.5,1900
10.1955741,46.6431955,2019-08-10T18:00:35Z,15.5,2102
10.1943171,46.643914,2019-08-10T20:00:33Z,14,2093
10.1970553,46.6425356,2019-08-10T22:00:33Z,13.5,2107
10.186484,46.6514308,2019-08-11T02:01:07Z,22.5,1752
10.1933617,46.6484277,2019-08-11T06:00:39Z,29.5,2041
10.2080314,46.6309966,2019-08-11T10:01:08Z,30,2105
10.2080314,46.6309966,2019-08-11T14:01:10Z,24.5,2105
10.1826549,46.6531496,2019-08-11T18:01:10Z,18.5,1730
10.19061,46.6553392,2019-08-11T20:00:33Z,17,1744
10.2195436,46.6605719,2019-08-11T22:00:50Z,15,1866
10.2195436,46.6605719,2019-08-12T02:01:10Z,12,1866
10.1969487,46.6449759,2019-08-12T06:00:36Z,22,2164
10.2229581,46.652049,2019-08-12T10:01:08Z,14,2182
10.207955,46.6358989,2019-08-12T14:00:36Z,18,2194
10.2011358,46.6379108,2019-08-12T18:00:54Z,16.5,2114
10.1942918,46.6430912,2019-08-12T20:00:33Z,8.5,2077
10.1930158,46.6438673,2019-08-12T22:00:33Z,7,2067
10.1954587,46.6445178,2019-08-13T02:01:10Z,21,2121
10.1954587,46.6445178,2019-08-13T06:01:10Z,28.5,2121
10.194122,46.6414026,2019-08-13T10:00:33Z,16.5,2046
10.1901893,46.6395947,2019-08-13T14:01:10Z,20,1932
10.1901893,46.6395947,2019-08-13T18:01:10Z,10,1932
10.1940477,46.6431008,2019-08-13T20:00:35Z,6.5,2077
10.1951323,46.642685,2019-08-13T22:00:04Z,5.5,2080
10.2039174,46.6398725,2019-08-14T02:00:34Z,23,2225
10.2098927,46.6377391,2019-08-14T06:01:03Z,22,2286
10.2128333,46.6360453,2019-08-14T10:01:08Z,18.5,2259
10.1993162,46.6379842,2019-08-14T14:00:43Z,19,2038
10.1993162,46.6379842,2019-08-14T18:01:10Z,7,2038
10.2063511,46.6516019,2019-08-14T20:00:34Z,12.5,2224
10.2061892,46.6513601,2019-08-14T22:00:35Z,19,2244
10.2059106,46.6516126,2019-08-15T02:00:33Z,14.5,2210
10.2059106,46.6516126,2019-08-15T06:01:10Z,22,2210
10.2047158,46.6517521,2019-08-15T10:00:35Z,26,2174
10.2057216,46.6505199,2019-08-15T14:00:33Z,30.5,2250
10.2026995,46.6452486,2019-08-15T18:00:35Z,9,2355
10.2063924,46.6359121,2019-08-15T20:00:18Z,19.5,2175
10.2064196,46.6358651,2019-08-15T22:00:51Z,19.5,2175
10.2063818,46.6359258,2019-08-16T02:00:34Z,23.5,2175
10.2063818,46.6359258,2019-08-16T06:01:10Z,22.5,2175
10.1958363,46.6408993,2019-08-16T10:00:33Z,24.5,2056
10.1961846,46.6419693,2019-08-16T14:01:09Z,28,2084
10.1985762,46.6531711,2019-08-16T18:01:09Z,9.5,1948
10.1985762,46.6531711,2019-08-16T20:01:10Z,11,1948
10.1751094,46.6559523,2019-08-16T22:01:09Z,22,1710
10.1751094,46.6559523,2019-08-17T02:01:10Z,8.5,1710
10.1814109,46.6527147,2019-08-17T06:00:57Z,27,1699
10.1814109,46.6527147,2019-08-17T10:01:10Z,24.5,1699
10.1814511,46.6524751,2019-08-17T14:00:35Z,25.5,1699
10.1864787,46.651898,2019-08-17T18:01:09Z,15.5,1722
10.1923591,46.6439165,2019-08-17T20:00:33Z,13,2063
10.1953032,46.6409847,2019-08-17T22:00:35Z,19,2060
10.2012035,46.6431853,2019-08-18T02:01:09Z,8.5,2238
10.1988344,46.6449077,2019-08-18T06:01:10Z,21.5,2201
10.1989188,46.6448593,2019-08-18T10:00:33Z,30.5,2201
10.1950361,46.6448029,2019-08-18T14:01:08Z,30,2121
10.1781175,46.6547622,2019-08-18T18:01:10Z,17.5,1756
10.1760818,46.6550676,2019-08-18T20:01:04Z,17,1683
10.1691278,46.6501144,2019-08-18T22:01:05Z,14.5,1683
10.198057500000001,46.6441283,2019-08-19T02:01:01Z,24,2176
10.198057500000001,46.6441283,2019-08-19T06:01:10Z,19,2176
10.198057500000001,46.6441283,2019-08-19T10:01:10Z,25,2176
10.1969177,46.6388407,2019-08-19T14:00:36Z,25,2017
10.1969177,46.6388407,2019-08-19T18:01:10Z,11.5,2017
10.2087119,46.6634322,2019-08-19T20:00:35Z,8,1790
10.1962818,46.6441582,2019-08-19T22:00:33Z,10,2141
10.2019807,46.6382866,2019-08-20T02:01:10Z,11,2135
10.1991333,46.6381943,2019-08-20T06:00:33Z,27,2054
10.1973944,46.639461,2019-08-20T10:00:33Z,24.5,2053
10.1994612,46.6607672,2019-08-20T14:01:10Z,22.5,1775
10.1936605,46.6407135,2019-08-20T18:00:53Z,28,2028
10.192444,46.6435675,2019-08-20T20:00:33Z,10.5,2057
10.1976008,46.6412394,2019-08-20T22:01:03Z,10,2097
10.1976008,46.6412394,2019-08-21T02:01:10Z,9,2097
10.1976008,46.6412394,2019-08-21T06:01:10Z,21,2097
10.1974905,46.6422792,2019-08-21T10:00:48Z,22,2122
10.2032512,46.6310549,2019-08-21T14:00:35Z,22,2029
10.1933326,46.6418834,2019-08-21T18:00:34Z,10,2045
10.1954743,46.643429,2019-08-21T20:00:33Z,10,2108
10.1925445,46.6423617,2019-08-21T22:00:36Z,10.5,2039
10.1681058,46.6554659,2019-08-22T02:00:33Z,25,1696
10.1681058,46.6554659,2019-08-22T06:01:10Z,21.5,1696
10.1855976,46.6420954,2019-08-22T10:00:33Z,28,1868
10.1857768,46.6419355,2019-08-22T14:00:36Z,30.5,1868
10.195334,46.643642,2019-08-22T18:00:33Z,10.5,2108
10.2116126,46.6451356,2019-08-22T20:00:11Z,9.5,2573
10.2483298,46.6334387,2019-08-22T22:00:33Z,8.5,2497
10.2483298,46.6334387,2019-08-23T02:01:10Z,7,2497
10.2033387,46.6394423,2019-08-23T06:00:33Z,26,2196
10.2359037,46.6609677,2019-08-23T10:01:07Z,20.5,1911
10.2086466,46.6499222,2019-08-23T14:00:36Z,13.5,2353
10.2086466,46.6499222,2019-08-23T18:01:10Z,12.5,2353
10.2129518,46.6457095,2019-08-23T20:01:07Z,10.5,2569
10.1951006,46.6434969,2019-08-23T22:00:35Z,10,2108
10.1688856,46.6581491,2019-08-24T02:00:35Z,10,1662
10.1719599,46.6540569,2019-08-24T06:00:35Z,22.5,1772
10.1721811,46.6540199,2019-08-24T10:00:33Z,29,1772
10.1923111,46.6440043,2019-08-24T14:00:35Z,16,2063
10.1935726,46.6434778,2019-08-24T18:00:33Z,10,2078
10.1928144,46.6422263,2019-08-24T20:00:13Z,9.5,2046
10.1928144,46.6422263,2019-08-24T22:01:10Z,8.5,2046
10.1928144,46.6422263,2019-08-25T02:01:10Z,11,2046
10.2015157,46.6306898,2019-08-25T06:00:34Z,21.5,1967
10.2016942,46.6307008,2019-08-25T10:00:36Z,33,1967
10.1962933,46.6420507,2019-08-25T14:00:33Z,22,2084
10.1952928,46.6438171,2019-08-25T18:00:33Z,10,2108
10.1839537,46.6386585,2019-08-25T20:00:20Z,11,1777
10.1839537,46.6386585,2019-08-25T22:01:10Z,11,1777
10.2042513,46.646354,2019-08-26T02:01:10Z,7.5,2406
10.1987887,46.6450884,2019-08-26T06:00:34Z,17.5,2201
10.1988815,46.6447986,2019-08-26T10:00:33Z,30,2201
10.205103,46.6417853,2019-08-26T14:00:35Z,17.5,2322
10.205103,46.6417853,2019-08-26T18:01:10Z,11,2322
10.2004626,46.645946,2019-08-26T20:00:59Z,13,2267
10.199819,46.6457604,2019-08-26T22:00:37Z,20,2247
10.1998015,46.6456623,2019-08-27T02:00:34Z,21.5,2243
10.1957352,46.6454579,2019-08-27T06:00:57Z,21.5,2140
10.1958054,46.6453205,2019-08-27T10:00:35Z,29,2140
10.2068271,46.6419081,2019-08-27T14:00:36Z,18,2387
10.1951137,46.6433732,2019-08-27T18:00:33Z,13.5,2108
10.1970607,46.6597819,2019-08-27T20:00:36Z,12.5,1773
10.1896913,46.632027,2019-08-27T22:01:10Z,11.5,1814
10.1855942,46.6390199,2019-08-28T02:00:57Z,23.5,1812
10.185539,46.6404577,2019-08-28T06:00:34Z,31,1858
10.1853471,46.6417729,2019-08-28T10:00:35Z,28.5,1856
10.1944803,46.6441656,2019-08-28T14:00:36Z,20.5,2104
10.19527,46.6434944,2019-08-28T18:00:36Z,13,2108
10.2095783,46.6519062,2019-08-28T20:00:36Z,12,2263
10.2060653,46.6514463,2019-08-28T22:00:33Z,22,2228
10.2026285,46.6469857,2019-08-29T02:00:36Z,12.5,2342
10.2028457,46.6434618,2019-08-29T06:00:35Z,22,2306
10.204699,46.6416389,2019-08-29T10:00:36Z,28,2302
10.2044411,46.6260471,2019-08-29T14:01:05Z,19,2039
10.1952102,46.6429206,2019-08-29T18:00:36Z,10,2094
10.1911997,46.6544862,2019-08-29T20:01:03Z,11,1746
10.1911997,46.6544862,2019-08-29T22:01:10Z,19,1746
10.1911997,46.6544862,2019-08-30T02:01:10Z,9,1746
10.187527,46.6477869,2019-08-30T06:00:33Z,31,1998
10.1893689,46.6474781,2019-08-30T10:01:05Z,26.5,1986
10.1980018,46.6410442,2019-08-30T14:00:36Z,22.5,2108
10.2095646,46.6641187,2019-08-30T18:00:35Z,13,1796
10.1741168,46.6572126,2019-08-30T20:00:33Z,13,1733
10.1758552,46.6457034,2019-08-30T22:00:59Z,18.5,1767
10.1855478,46.6391369,2019-08-31T02:00:33Z,21.5,1812
10.1863549,46.6421418,2019-08-31T06:00:57Z,20.5,1883
10.185654,46.6420676,2019-08-31T10:00:33Z,30,1868
10.1956316,46.6438554,2019-08-31T14:00:36Z,15.5,2117
10.2080168,46.6499172,2019-08-31T18:00:34Z,11.5,2336
10.1938572,46.6568759,2019-08-31T20:00:33Z,12,1755
10.1802787,46.6470766,2019-08-31T22:00:33Z,17,1844
10.1802787,46.6470766,2019-09-01T02:01:10Z,26,1844
10.1849304,46.6426582,2019-09-01T06:00:33Z,25,1868
10.185021,46.642615,2019-09-01T10:00:33Z,29,1868
10.185021,46.642615,2019-09-01T14:01:10Z,14,1868
10.185021,46.642615,2019-09-01T18:01:10Z,21,1868
10.1949029,46.642335,2019-09-01T20:00:34Z,11,2073
10.1954442,46.6420564,2019-09-01T22:00:35Z,9.5,2069
10.2043743,46.6261381,2019-09-02T02:00:52Z,12,2039
10.2043743,46.6261381,2019-09-02T06:01:10Z,23,2039
10.2014884,46.6262756,2019-09-02T10:00:33Z,24,2002
10.2065304,46.6362223,2019-09-02T14:00:33Z,14.5,2175
10.2029385,46.6439609,2019-09-02T18:00:57Z,7.5,2326
10.1980454,46.649654,2019-09-02T20:00:33Z,17.5,2152
10.20912,46.650823,2019-09-02T22:01:10Z,9,2330
10.1915128,46.6459527,2019-09-03T02:01:07Z,25,2051
10.1915128,46.6459527,2019-09-03T06:01:10Z,18.5,2051
10.1974365,46.6394306,2019-09-03T10:00:36Z,28,2053
10.1973087,46.6425887,2019-09-03T14:00:36Z,22.5,2122
10.1973087,46.6425887,2019-09-03T18:01:10Z,10,2122
10.1973087,46.6425887,2019-09-03T20:01:10Z,8.5,2122
10.2038381,46.6251721,2019-09-03T22:01:03Z,8.5,1994
10.2069384,46.6257756,2019-09-04T02:00:54Z,14,2084
10.207629,46.6250256,2019-09-04T06:00:33Z,25,2074
10.2004587,46.6330441,2019-09-04T10:00:53Z,27,1993
10.2054818,46.641405,2019-09-04T14:00:35Z,20,2304
10.2086284,46.6464001,2019-09-04T18:00:33Z,10.5,2539
10.2249989,46.6513829,2019-09-04T20:00:35Z,9,2128
10.2150432,46.6526554,2019-09-04T22:01:09Z,9.5,2257
10.2068529,46.6429603,2019-09-05T02:00:36Z,8,2427
10.2009093,46.6464023,2019-09-05T06:00:33Z,20.5,2286
10.2009093,46.6464023,2019-09-05T10:01:10Z,16,2286
10.2256315,46.6400876,2019-09-05T14:01:06Z,17,2339
10.2256315,46.6400876,2019-09-05T18:01:10Z,8,2339
10.1873392,46.6523854,2019-09-05T20:01:12Z,7,1715
10.1873392,46.6523854,2019-09-05T22:01:10Z,6,1715
10.1873392,46.6523854,2019-09-06T02:01:10Z,11,1715
10.1969257,46.6389553,2019-09-06T06:00:33Z,14.5,2017
10.2049344,46.6264181,2019-09-06T10:01:10Z,6,2054
10.2015005,46.6262172,2019-09-06T14:00:33Z,17.5,1988
10.2227506,46.6015164,2019-09-06T18:01:09Z,5,1994
10.1981454,46.6439913,2019-09-06T20:01:06Z,19.5,2176
10.1981195,46.6440359,2019-09-06T22:00:33Z,24,2176
10.2216359,46.6479619,2019-09-07T02:01:09Z,24,2440
10.1776351,46.6356216,2019-09-07T06:01:09Z,17.5,1901
10.2042379,46.6420792,2019-09-07T10:00:33Z,8.5,2282
10.2117252,46.62416,2019-09-07T14:00:34Z,22.5,2145
10.2117252,46.62416,2019-09-07T18:01:10Z,7,2145
10.2117252,46.62416,2019-09-07T20:01:10Z,6.5,2145
10.2117252,46.62416,2019-09-07T22:01:10Z,4,2145
10.2036417,46.6458046,2019-09-08T02:00:33Z,1,2384
10.2013233,46.6417571,2019-09-08T06:00:51Z,21,2199
10.2318697,46.6417633,2019-09-08T10:01:10Z,16.5,2439
10.2318697,46.6417633,2019-09-08T14:01:10Z,18,2439
10.2318697,46.6417633,2019-09-08T18:01:10Z,13.5,2439
10.2318697,46.6417633,2019-09-08T20:01:10Z,16,2439
10.2318697,46.6417633,2019-09-08T22:01:10Z,16.5,2439
10.2486465,46.6824337,2019-09-09T02:00:43Z,17,2524
10.1877523,46.6481805,2019-09-09T06:00:36Z,9,1989
10.1754126,46.6521516,2019-09-09T10:00:54Z,9,1810
10.1922475,46.6419588,2019-09-09T14:00:36Z,14.5,2031
10.201032,46.6314802,2019-09-09T18:01:10Z,5,1968
10.2010656,46.6394494,2019-09-09T20:00:36Z,15.5,2140
10.2029713,46.6308639,2019-09-09T22:00:57Z,27,1999
10.2032239,46.6304919,2019-09-10T02:00:36Z,18,2007
10.1991363,46.6322596,2019-09-10T06:01:05Z,12.5,1943
10.1966656,46.640826,2019-09-10T10:00:33Z,21.5,2062
10.1967415,46.6430723,2019-09-10T14:00:33Z,18.5,2121
10.2027829,46.6485485,2019-09-10T18:01:10Z,6,2288
10.2144913,46.6547766,2019-09-10T20:01:10Z,10,2141
10.1755128,46.6594785,2019-09-10T22:01:10Z,5.5,1814
10.1875249,46.6574676,2019-09-11T02:01:08Z,12,1966
10.1849657,46.6426702,2019-09-11T06:01:05Z,21.5,1868
10.1959077,46.6408706,2019-09-11T10:00:33Z,24,2056
10.1935436,46.6446425,2019-09-11T14:00:33Z,18,2085
10.2096985,46.6390224,2019-09-11T18:00:33Z,8,2330
10.2048614,46.6262643,2019-09-11T20:01:10Z,12.5,2054
10.2039997,46.6267701,2019-09-11T22:00:35Z,20,2044
10.2039519,46.6267479,2019-09-12T02:00:35Z,18,2044
10.2039295,46.626747,2019-09-12T06:00:34Z,19.5,2044
10.2046924,46.631764,2019-09-12T10:00:33Z,24,2070
10.196864,46.6430936,2019-09-12T14:00:36Z,23.5,2121
10.1984156,46.6546411,2019-09-12T18:01:10Z,10,1931
10.2081512,46.6639589,2019-09-12T20:01:07Z,7.5,1791
10.2144318,46.6528396,2019-09-12T22:01:06Z,9.5,2234
10.2036635,46.6426475,2019-09-13T02:00:33Z,13.5,2284
10.2027625,46.6417311,2019-09-13T06:00:36Z,31.5,2250
10.2027746,46.6416233,2019-09-13T10:00:33Z,28.5,2250
10.1962068,46.6436408,2019-09-13T14:00:33Z,25,2127
10.1962068,46.6436408,2019-09-13T18:01:10Z,16,2127
10.1962068,46.6436408,2019-09-13T20:01:10Z,9.5,2127
10.1742853,46.641821,2019-09-13T22:01:07Z,16.5,1747
10.1742853,46.641821,2019-09-14T02:01:10Z,12,1747
10.1972233,46.6437692,2019-09-14T06:00:33Z,25.5,2139
10.1956776,46.6454511,2019-09-14T10:01:03Z,29,2140
10.1975212,46.6433971,2019-09-14T14:01:10Z,25.5,2150
10.2105607,46.645587,2019-09-14T18:00:34Z,10.5,2569
10.139612,46.6626765,2019-09-14T20:01:10Z,10,2410
10.1957959,46.6402843,2019-09-14T22:00:54Z,19,2043
10.2049292,46.6760426,2019-09-15T02:01:01Z,19,2475
10.1962437,46.6403955,2019-09-15T06:00:33Z,28,2062
10.1855815,46.6420381,2019-09-15T10:00:33Z,28.5,1868
10.202081,46.6559714,2019-09-15T14:01:07Z,21,1957
10.1870575,46.6531357,2019-09-15T18:00:36Z,11,1726
10.1706647,46.6621024,2019-09-15T20:01:04Z,11,1755
10.1706647,46.6621024,2019-09-15T22:01:10Z,11,1755
10.2008892,46.654099,2019-09-16T02:01:06Z,21,2022
10.198331,46.6441265,2019-09-16T06:00:33Z,23,2176
10.2008422,46.6459132,2019-09-16T10:00:33Z,23,2288
10.2227139,46.5949111,2019-09-16T14:01:10Z,17,1882
10.2062744,46.6624594,2019-09-16T18:01:10Z,12.5,1801
10.2092898,46.6527462,2019-09-16T20:01:05Z,12.5,2229
10.2027401,46.6420266,2019-09-16T22:00:10Z,10,2250
10.2027471,46.6420582,2019-09-17T02:01:03Z,25,2250
10.2037509,46.6400858,2019-09-17T06:00:35Z,24,2208
10.2037509,46.6400858,2019-09-17T10:01:10Z,24.5,2208
10.196926,46.6430937,2019-09-17T14:00:35Z,17.5,2121
10.196926,46.6430937,2019-09-17T18:01:10Z,12.5,2121
10.1925553,46.638777,2019-09-17T20:01:09Z,19,1932
10.183839,46.6455275,2019-09-17T22:01:06Z,25,1890
10.183839,46.6455275,2019-09-18T02:01:10Z,6.5,1890
10.2013839,46.6475592,2019-09-18T06:01:06Z,22,2277
10.201406,46.6475714,2019-09-18T10:00:36Z,19,2277
10.1967623,46.6434143,2019-09-18T14:00:37Z,22.5,2139
10.1967623,46.6434143,2019-09-18T18:01:10Z,11.5,2139
10.1606838,46.6650306,2019-09-18T20:01:10Z,9.5,1632
10.1606838,46.6650306,2019-09-18T22:01:10Z,8.5,1632
10.1926214,46.6543387,2019-09-19T02:01:07Z,22.5,1787
10.1927769,46.6454509,2019-09-19T06:01:03Z,18.5,2075
10.1920548,46.6454416,2019-09-19T10:00:33Z,28.5,2066
10.1920548,46.6454416,2019-09-19T14:01:10Z,22,2066
10.2088343,46.6389427,2019-09-19T18:00:34Z,7.5,2315
10.2017731,46.6462961,2019-09-19T20:00:35Z,6,2307
10.2017731,46.6462961,2019-09-19T22:01:10Z,19,2307
10.2120291,46.6380008,2019-09-20T02:01:10Z,17,2311
10.1995547,46.6471685,2019-09-20T06:00:35Z,12,2226
10.1988331,46.6469599,2019-09-20T10:01:08Z,32,2209
10.192044,46.6414345,2019-09-20T14:00:33Z,23,2026
10.192044,46.6414345,2019-09-20T18:01:10Z,10,2026
10.192044,46.6414345,2019-09-20T20:01:10Z,6.5,2026
10.192044,46.6414345,2019-09-20T22:01:10Z,5,2026
10.1965437,46.6395361,2019-09-21T02:00:33Z,21.5,2032
10.1942359,46.6409988,2019-09-21T06:00:35Z,27,2046
10.2067162,46.6362906,2019-09-21T10:00:35Z,27,2199
10.2074409,46.6379113,2019-09-21T14:00:33Z,17,2264
10.1870385,46.6591715,2019-09-21T18:00:41Z,9,1999
10.1912,46.6543205,2019-09-21T20:01:10Z,21,1746
10.1869333,46.6442797,2019-09-21T22:01:08Z,8.5,1927
10.1958574,46.64669,2019-09-22T02:01:08Z,26,2135
10.1964902,46.6395353,2019-09-22T06:00:36Z,21,2032
10.1962074,46.6403745,2019-09-22T10:00:33Z,27.5,2049
10.2095058,46.6352116,2019-09-22T14:01:03Z,12,2189
10.1956835,46.6436058,2019-09-22T18:00:33Z,10,2117
10.1975759,46.6443635,2019-09-22T20:00:41Z,17,2164
10.1975759,46.6443635,2019-09-22T22:01:10Z,21,2164
10.1478863,46.6266207,2019-09-23T02:01:07Z,19.5,2679
10.207134,46.6366176,2019-09-23T06:01:10Z,16.5,2208
10.207134,46.6366176,2019-09-23T10:01:10Z,15,2208
10.1962864,46.6442204,2019-09-23T14:00:33Z,8.5,2141
10.175738,46.6504007,2019-09-23T18:01:07Z,6,1845
10.1785789,46.6542417,2019-09-23T20:00:35Z,16.5,1744
10.1788357,46.6540264,2019-09-23T22:00:12Z,20.5,1744
10.1788357,46.6540264,2019-09-24T02:01:10Z,4,1744
10.1957834,46.6464366,2019-09-24T06:00:35Z,14,2135
10.2020724,46.6450781,2019-09-24T10:00:33Z,17.5,2321
10.1927442,46.646649,2019-09-24T14:01:10Z,13,2069
10.2042826,46.6408215,2019-09-24T18:00:56Z,8,2242
10.2115202,46.6287216,2019-09-24T20:00:56Z,8,2145
10.2115202,46.6287216,2019-09-24T22:01:10Z,18,2145
10.2035212,46.6392976,2019-09-25T02:00:35Z,19.5,2196
10.20357,46.6392979,2019-09-25T06:01:07Z,22.5,2196
10.1933699,46.6391746,2019-09-25T10:01:07Z,16.5,1958
10.1933699,46.6391746,2019-09-25T14:01:10Z,10,1958
10.2108772,46.6638745,2019-09-25T18:01:10Z,6,1797
10.1681511,46.6627982,2019-09-25T20:01:10Z,7.5,1748
10.1489461,46.6850301,2019-09-25T22:01:05Z,3.5,1812
10.1420693,46.7024383,2019-09-26T02:01:07Z,19.5,2150
10.1430179,46.6979581,2019-09-26T06:01:07Z,24.5,1908
10.1458739,46.7115851,2019-09-26T10:01:07Z,23,2600
10.126808,46.7027997,2019-09-26T14:00:39Z,26,2023
10.126808,46.7027997,2019-09-26T18:01:10Z,23.5,2023
10.1667615,46.679644,2019-09-26T20:00:34Z,6.5,1846
10.1770888,46.6473074,2019-09-26T22:00:38Z,6,1810
10.1770888,46.6473074,2019-09-27T02:01:10Z,5,1810
10.2011452,46.6420914,2019-09-27T06:00:34Z,24,2199
10.1949639,46.6447496,2019-09-27T10:00:34Z,23,2121
10.1965403,46.6395146,2019-09-27T14:01:09Z,18.5,2032
10.189603,46.6540915,2019-09-27T18:00:48Z,9,1735
10.1710792,46.6616973,2019-09-27T20:00:36Z,11,1756
10.160202,46.6782365,2019-09-27T22:01:06Z,8,1884
10.160202,46.6782365,2019-09-28T02:01:10Z,8,1884
10.1699894,46.6545938,2019-09-28T06:00:36Z,20.5,1752
10.1621083,46.6602175,2019-09-28T10:01:06Z,24.5,1719
10.170325,46.6543267,2019-09-28T14:01:06Z,26,1760
10.2155183,46.6252952,2019-09-28T18:01:03Z,20.5,2121
10.1739579,46.6572445,2019-09-28T20:01:05Z,11,1733
10.1587345,46.6802496,2019-09-28T22:00:42Z,8,1878
10.2002976,46.6514303,2019-09-29T02:00:33Z,6,2043
10.1981092,46.6440506,2019-09-29T06:00:33Z,23,2176
10.2001983,46.6423732,2019-09-29T10:00:33Z,24,2186
10.2002523,46.6423945,2019-09-29T14:01:09Z,23,2202
10.2002523,46.6423945,2019-09-29T18:01:10Z,15,2202
10.195871,46.6464097,2019-09-29T20:00:36Z,20.5,2135
10.187023,46.6620277,2019-09-29T22:01:09Z,8.5,2038
10.1689367,46.6641873,2019-09-30T02:00:41Z,11.5,1766
10.1706949,46.6535259,2019-09-30T06:00:35Z,19.5,1753
10.1709806,46.6537431,2019-09-30T10:00:35Z,26.5,1763
10.1723199,46.6527718,2019-09-30T14:00:57Z,26.5,1773
10.170349,46.6512454,2019-09-30T18:01:09Z,10.5,1718
10.1696829,46.6504973,2019-09-30T20:01:05Z,23.5,1700
10.1696829,46.6504973,2019-09-30T22:01:10Z,12.5,1700
10.2035756,46.6501711,2019-10-01T02:00:57Z,7.5,2184
10.2035756,46.6501711,2019-10-01T06:01:10Z,9.5,2184
10.193822,46.646288,2019-10-01T10:00:35Z,19,2089
10.1938114,46.6463265,2019-10-01T14:00:57Z,26,2089
10.1938114,46.6463265,2019-10-01T18:01:10Z,11,2089
10.1938114,46.6463265,2019-10-01T20:01:10Z,13,2089
10.1938114,46.6463265,2019-10-01T22:01:10Z,9.5,2089
10.2001279,46.6468249,2019-10-02T02:00:58Z,17.5,2245
10.2001279,46.6468249,2019-10-02T06:01:10Z,11.5,2245
10.2001279,46.6468249,2019-10-02T10:01:10Z,22,2245
10.2001279,46.6468249,2019-10-02T14:01:10Z,22.5,2245
10.1936926,46.6207837,2019-10-02T18:01:08Z,11,1780
10.1998791,46.6468279,2019-10-02T20:01:10Z,8,2245
10.198039,46.6441386,2019-10-02T22:00:40Z,17,2176
10.198039,46.6441386,2019-10-03T02:01:10Z,2,2176
10.1974235,46.6388146,2019-10-03T06:00:35Z,21,2029
10.197425,46.6394046,2019-10-03T10:00:33Z,28.5,2053
10.197483,46.63948,2019-10-03T14:00:33Z,23,2053
10.197483,46.63948,2019-10-03T18:01:10Z,4,2053
10.1655151,46.6770487,2019-10-03T20:01:10Z,1,1842
10.159594,46.6917295,2019-10-03T22:01:06Z,3,2206
10.1783334,46.6827734,2019-10-04T02:00:36Z,2.5,2073
10.2137084,46.6654495,2019-10-04T06:00:57Z,26,1868
10.196487,46.6542447,2019-10-04T10:00:33Z,24,1861
10.1969715,46.6543799,2019-10-04T14:01:10Z,26.5,1882
10.1979477,46.6427368,2019-10-04T18:00:35Z,9,2151
10.199955,46.6462319,2019-10-04T20:00:36Z,12.5,2247
10.2011927,46.6479258,2019-10-04T22:00:35Z,12.5,2277
10.206283,46.637372,2019-10-05T02:01:08Z,8.5,2224
10.206283,46.637372,2019-10-05T06:01:10Z,22.5,2224
10.1889063,46.6435606,2019-10-05T10:00:35Z,26,1962
10.188942,46.6436599,2019-10-05T14:00:36Z,26.5,1962
10.1975785,46.6413311,2019-10-05T18:00:33Z,15,2097
10.1963586,46.6442243,2019-10-05T20:00:12Z,9,2141
10.1963586,46.6442243,2019-10-05T22:01:10Z,7,2141
10.1798023,46.6484928,2019-10-06T02:01:03Z,6,1838
10.1798023,46.6484928,2019-10-06T06:01:10Z,12.5,1838
10.1798023,46.6484928,2019-10-06T10:01:10Z,25,1838
10.1798023,46.6484928,2019-10-06T14:01:10Z,18.5,1838
10.2044247,46.6388768,2019-10-06T18:01:05Z,11.5,2227
10.2034536,46.6394103,2019-10-06T20:00:34Z,19,2196
10.192923,46.6441387,2019-10-06T22:00:33Z,5.5,2073
10.192923,46.6441387,2019-10-07T02:01:10Z,3,2073
10.2013043,46.6380497,2019-10-07T06:01:04Z,24,2115
10.1992256,46.6382235,2019-10-07T10:01:08Z,24.5,2054
10.1980696,46.6389089,2019-10-07T14:00:33Z,19,2045
10.1980696,46.6389089,2019-10-07T18:01:10Z,4.5,2045
10.1725808,46.671557,2019-10-07T20:01:08Z,4,1992
10.1789125,46.667495,2019-10-07T22:00:53Z,7,2026
10.1789125,46.667495,2019-10-08T02:01:10Z,24.5,2026
10.1976774,46.6470323,2019-10-08T06:00:33Z,14.5,2178
10.1971382,46.644111,2019-10-08T10:00:35Z,24.5,2154
10.1977497,46.6441828,2019-10-08T14:01:04Z,23.5,2164
10.2126867,46.6153536,2019-10-08T18:01:08Z,8,1864
10.2126867,46.6153536,2019-10-08T20:01:10Z,6,1864
10.2233509,46.6415278,2019-10-08T22:00:33Z,6.5,2384
10.1995962,46.6486031,2019-10-09T02:00:35Z,11,2219
10.1995962,46.6486031,2019-10-09T06:01:10Z,24,2219
10.1982784,46.6461868,2019-10-09T10:00:57Z,22,2197
10.1982421,46.6461103,2019-10-09T14:00:33Z,23,2197
10.1867783,46.6530725,2019-10-09T18:00:34Z,4.5,1726
10.1802256,46.6576958,2019-10-09T20:00:55Z,19,1958
10.1802256,46.6576958,2019-10-09T22:01:10Z,6,1958
10.1816557,46.6835785,2019-10-10T02:01:10Z,3.5,2167
10.2025127,46.6711682,2019-10-10T06:01:03Z,23,2212
10.2061404,46.6709271,2019-10-10T10:00:33Z,23.5,2214
10.2061566,46.6709414,2019-10-10T14:00:33Z,27.5,2214
10.1989691,46.6566398,2019-10-10T18:01:08Z,4,1880
10.1863043,46.6411752,2019-10-10T20:01:10Z,11,1881
10.1859949,46.6365017,2019-10-10T22:01:10Z,16,1772
10.2052793,46.6396845,2019-10-11T02:01:08Z,2.5,2261
10.199843,46.6561403,2019-10-11T06:01:08Z,18,1920
10.1969371,46.644919,2019-10-11T10:00:33Z,27,2164
10.1969371,46.644919,2019-10-11T14:01:10Z,13,2164
10.1969371,46.644919,2019-10-11T18:01:10Z,8,2164
10.184685,46.6306789,2019-10-11T20:00:50Z,17.5,1969
10.1939884,46.6367293,2019-10-11T22:01:02Z,22.5,1833
10.1927667,46.6369029,2019-10-12T02:01:07Z,15.5,1888
10.1972887,46.6398076,2019-10-12T06:00:33Z,18,2059
10.1969781,46.6389349,2019-10-12T10:00:58Z,28.5,2017
10.1969639,46.6389632,2019-10-12T14:00:38Z,31,2017
10.1969639,46.6389632,2019-10-12T18:01:10Z,7,2017
10.2084649,46.6523459,2019-10-12T20:01:06Z,8,2217
10.2088735,46.6659986,2019-10-12T22:01:07Z,7.5,1862
10.2088735,46.6659986,2019-10-13T02:01:10Z,7,1862
10.2088735,46.6659986,2019-10-13T06:01:10Z,9.5,1862
10.2075481,46.6595214,2019-10-13T10:01:03Z,23.5,1920
10.2070408,46.646596,2019-10-13T14:01:07Z,28,2503
10.2018712,46.6527901,2019-10-13T18:01:10Z,27,2057
10.2018139,46.6528646,2019-10-13T20:01:03Z,27.5,2057
10.2015276,46.6524983,2019-10-13T22:00:33Z,18,2058
10.1679521,46.6196536,2019-10-14T02:01:07Z,7.5,2521
10.1679521,46.6196536,2019-10-14T06:01:10Z,29,2521
10.2010652,46.6419985,2019-10-14T10:00:35Z,27,2199
10.2011148,46.6420685,2019-10-14T14:00:53Z,24.5,2199
10.1824527,46.6478802,2019-10-14T18:01:01Z,8.5,1870
10.1824527,46.6478802,2019-10-14T20:01:10Z,24,1870
10.2140364,46.6606746,2019-10-14T22:00:33Z,9,1904
10.2140364,46.6606746,2019-10-15T02:01:10Z,10.5,1904
10.2012293,46.6530164,2019-10-15T06:01:10Z,24.5,2036
10.2041899,46.6500453,2019-10-15T10:01:05Z,12.5,2203
10.2016935,46.6494924,2019-10-15T14:01:09Z,11,2206
10.2093608,46.6515612,2019-10-15T18:01:10Z,7.5,2293
10.1981219,46.6405843,2019-10-15T20:01:09Z,7.5,2094
10.2043896,46.6537628,2019-10-15T22:00:33Z,19,2113
10.2088664,46.6525157,2019-10-16T02:00:36Z,4,2222
10.2001256,46.646227,2019-10-16T06:00:33Z,3,2247
10.2101549,46.6497063,2019-10-16T10:01:09Z,30.5,2449
10.2012644,46.6513889,2019-10-16T14:00:36Z,31,2060
10.1985282,46.6548433,2019-10-16T18:00:35Z,18.5,1950
10.1985282,46.6548433,2019-10-16T20:01:10Z,7,1950
10.1905149,46.6558238,2019-10-16T22:01:09Z,21.5,1752
10.1905149,46.6558238,2019-10-17T02:01:10Z,3.5,1752
10.1905149,46.6558238,2019-10-17T06:01:10Z,24.5,1752
10.1969514,46.6389221,2019-10-17T10:00:35Z,23.5,2017
10.2120381,46.6395847,2019-10-17T14:00:34Z,24,2365
10.2137146,46.6566956,2019-10-17T18:01:09Z,7,2054
10.2137146,46.6566956,2019-10-17T20:01:10Z,11,2054
10.1904879,46.6550544,2019-10-17T22:00:59Z,5.5,1740
10.1904879,46.6550544,2019-10-18T02:01:10Z,6.5,1740
10.2165912,46.659628,2019-10-18T06:00:35Z,16.5,1952
10.2164966,46.6596788,2019-10-18T10:00:57Z,23,1952
10.2166722,46.659558,2019-10-18T14:00:36Z,19.5,1952
10.2008479,46.6596302,2019-10-18T18:00:33Z,17,1840
10.2006646,46.659415,2019-10-18T20:00:13Z,21,1831
10.2070725,46.6628275,2019-10-18T22:00:34Z,14,1785
10.2070725,46.6628275,2019-10-19T02:01:10Z,16,1785
10.2014991,46.6520057,2019-10-19T06:01:10Z,19.5,2066
10.2014991,46.6520057,2019-10-19T10:01:10Z,22.5,2066
10.2043074,46.6517415,2019-10-19T14:01:09Z,24,2154
10.2043074,46.6517415,2019-10-19T18:01:10Z,12,2154
10.2018003,46.6631086,2019-10-19T20:01:04Z,16.5,1778
10.1908694,46.6544224,2019-10-19T22:00:36Z,19,1746
10.21644,46.6537849,2019-10-20T02:01:08Z,10.5,2183
10.21644,46.6537849,2019-10-20T06:01:10Z,20.5,2183
10.1798776,46.6514463,2019-10-20T10:01:08Z,22.5,1716
10.1798776,46.6514463,2019-10-20T14:01:10Z,23,1716
10.2020607,46.6461548,2019-10-20T18:01:10Z,11.5,2333
10.2137409,46.6419066,2019-10-20T20:01:08Z,9.5,2431
10.2074649,46.6629654,2019-10-20T22:00:33Z,13,1787
10.211208,46.6617292,2019-10-21T02:01:07Z,14,1836
10.211208,46.6617292,2019-10-21T06:01:10Z,23,1836
10.211208,46.6617292,2019-10-21T10:01:10Z,30,1836
10.211208,46.6617292,2019-10-21T14:01:10Z,28,1836
10.185267,46.6526939,2019-10-21T18:00:33Z,12,1709
10.1982152,46.6435257,2019-10-21T20:00:43Z,10,2163
10.20392,46.6502744,2019-10-21T22:01:05Z,10.5,2203
10.2035665,46.6606532,2019-10-22T02:01:08Z,9,1828
10.2035665,46.6606532,2019-10-22T06:01:10Z,24,1828
10.2014237,46.6529779,2019-10-22T10:01:06Z,29,2057
10.2012548,46.6530502,2019-10-22T14:00:51Z,27,2036
10.2069394,46.6650514,2019-10-22T18:00:33Z,10.5,1803
10.2152382,46.6616481,2019-10-22T20:01:07Z,9,1842
10.214792,46.6576874,2019-10-22T22:00:33Z,20.5,2030
10.2258829,46.692889,2019-10-23T02:01:07Z,8.5,2807
10.2258829,46.692889,2019-10-23T06:01:10Z,24.5,2807
10.2258829,46.692889,2019-10-23T10:01:10Z,25.5,2807
10.2258829,46.692889,2019-10-23T14:01:10Z,29.5,2807
10.1980377,46.6412247,2019-10-23T18:00:36Z,10.5,2108
10.1822712,46.644072800000004,2019-10-23T20:00:17Z,12.5,1849
10.1823974,46.6438511,2019-10-23T22:00:33Z,16.5,1839
10.1818797,46.6433935,2019-10-24T02:01:07Z,17,1823
10.1818797,46.6433935,2019-10-24T06:01:10Z,19,1823
10.1818797,46.6433935,2019-10-24T10:01:10Z,16.5,1823
10.1818797,46.6433935,2019-10-24T14:01:10Z,23,1823
10.1974505,46.6440079,2019-10-24T18:00:33Z,18.5,2164
10.182433,46.6438333,2019-10-24T20:00:37Z,10,1839
10.1815154,46.6431345,2019-10-24T22:01:10Z,21,1808
10.1824284,46.6438266,2019-10-25T02:01:10Z,11.5,1839
10.1824284,46.6438266,2019-10-25T06:01:10Z,22,1839
10.1824284,46.6438266,2019-10-25T10:01:10Z,24,1839
10.1824284,46.6438266,2019-10-25T14:01:10Z,25.5,1839
10.1901764,46.6545184,2019-10-25T18:01:03Z,9,1743
10.1901764,46.6545184,2019-10-25T20:01:10Z,12.5,1743
10.2130006,46.6574541,2019-10-25T22:00:35Z,17.5,2034
10.1813448,46.6431842,2019-10-26T02:00:33Z,13.5,1790
10.2019233,46.6584231,2019-10-26T06:01:06Z,19.5,1892
10.2019233,46.6584231,2019-10-26T10:01:10Z,22.5,1892
10.2019233,46.6584231,2019-10-26T14:01:10Z,21.5,1892
10.1813323,46.6436492,2019-10-26T18:01:06Z,22,1806
10.1805721,46.6436317,2019-10-26T20:00:35Z,21,1789
10.1727551,46.6514804,2019-10-26T22:01:10Z,16.5,1782
10.1822735,46.6436103,2019-10-27T03:00:34Z,9.5,1839
10.1822735,46.6436103,2019-10-27T07:01:10Z,19.5,1839
10.1822735,46.6436103,2019-10-27T11:01:10Z,23.5,1839
10.1953449,46.6372888,2019-10-27T15:00:49Z,22,1871
10.1953449,46.6372888,2019-10-27T19:01:10Z,15,1871
10.2036958,46.6636133,2019-10-27T21:01:03Z,8,1779
10.1823062,46.6439543,2019-10-27T23:00:54Z,12,1849
10.2083611,46.6531215,2019-10-28T03:01:10Z,17,2181
10.2083611,46.6531215,2019-10-28T07:01:10Z,21.5,2181
10.2083611,46.6531215,2019-10-28T11:01:10Z,22,2181
10.2083611,46.6531215,2019-10-28T15:01:10Z,27.5,2181
10.1813935,46.6421107,2019-10-28T19:00:37Z,18,1779
10.1789602,46.6481361,2019-10-28T21:00:12Z,9.5,1835
10.1833871,46.6444348,2019-10-28T23:01:05Z,10,1872
10.1833871,46.6444348,2019-10-29T03:01:10Z,13.5,1872
10.1833871,46.6444348,2019-10-29T07:01:10Z,24.5,1872
10.1833871,46.6444348,2019-10-29T11:01:10Z,29,1872
10.1833871,46.6444348,2019-10-29T15:01:10Z,25.5,1872
10.1978712,46.6480676,2019-10-29T19:01:10Z,12.5,2165
10.1920589,46.6427524,2019-10-29T21:00:35Z,13.5,2048
10.1977778,46.6422137,2019-10-29T23:00:04Z,9,2122
10.1977778,46.6422137,2019-10-30T03:01:10Z,18.5,2122
10.1977778,46.6422137,2019-10-30T07:01:10Z,19.5,2122
10.1977778,46.6422137,2019-10-30T11:01:10Z,21,2122
10.1977778,46.6422137,2019-10-30T15:01:10Z,26.5,2122
10.1927132,46.6432513,2019-10-30T19:00:35Z,8,2057
10.2010703,46.637246,2019-10-30T21:01:10Z,11,2116
10.2010703,46.637246,2019-10-30T23:01:10Z,7,2116
10.1813254,46.6436114,2019-10-31T03:00:59Z,17.5,1806
10.1813254,46.6436114,2019-10-31T07:01:10Z,21,1806
10.1813254,46.6436114,2019-10-31T11:01:10Z,22.5,1806
10.1813254,46.6436114,2019-10-31T15:01:10Z,29,1806
10.1812147,46.6435121,2019-10-31T19:00:54Z,18.5,1806
10.1848819,46.6419738,2019-10-31T21:00:33Z,13.5,1848
10.1849484,46.6418694,2019-10-31T23:01:04Z,20,1856
10.1849265,46.6514116,2019-11-01T03:01:04Z,11.5,1747
10.1849265,46.6514116,2019-11-01T07:01:10Z,27,1747
10.1849265,46.6514116,2019-11-01T11:01:10Z,25.5,1747
10.1849265,46.6514116,2019-11-01T15:01:10Z,23.5,1747
10.1881418,46.6434631,2019-11-01T19:00:33Z,20.5,1943
10.1974433,46.6440061,2019-11-01T21:00:36Z,7,2164
10.1978041,46.6441616,2019-11-01T23:00:35Z,15,2164
10.1813287,46.6437193,2019-11-02T03:01:03Z,17.5,1806
10.1813287,46.6437193,2019-11-02T07:01:10Z,22,1806
10.1813287,46.6437193,2019-11-02T11:01:10Z,28,1806
10.1809195,46.6287913,2019-11-02T15:00:33Z,27.5,2010
10.1809195,46.6287913,2019-11-02T19:01:10Z,13,2010
10.1809195,46.6287913,2019-11-02T21:01:10Z,17.5,2010
10.184271,46.6394234,2019-11-02T23:01:04Z,20.5,1789
10.1917125,46.6389992,2019-11-03T03:01:10Z,15,1921
10.1917125,46.6389992,2019-11-03T07:01:10Z,26.5,1921
10.1917125,46.6389992,2019-11-03T11:01:10Z,28.5,1921
10.1917125,46.6389992,2019-11-03T15:01:10Z,28,1921
10.1823058,46.643762099999996,2019-11-03T19:01:05Z,7.5,1839
10.1814619,46.6431279,2019-11-03T21:00:57Z,25,1808
10.1814619,46.6431279,2019-11-03T23:01:10Z,7,1808
10.1814619,46.6431279,2019-11-04T03:01:10Z,18.5,1808
10.1814619,46.6431279,2019-11-04T07:01:10Z,25,1808
10.1814619,46.6431279,2019-11-04T11:01:10Z,24,1808
10.1814619,46.6431279,2019-11-04T15:01:10Z,31,1808
10.1845877,46.6414543,2019-11-04T19:00:36Z,10,1837
10.1905144,46.6545304,2019-11-04T21:00:45Z,15.5,1740
10.1905144,46.6545304,2019-11-04T23:01:10Z,6.5,1740
10.1905144,46.6545304,2019-11-05T03:01:10Z,28,1740
10.1905144,46.6545304,2019-11-05T07:01:10Z,24,1740
10.1905144,46.6545304,2019-11-05T11:01:10Z,31,1740
10.1905144,46.6545304,2019-11-05T15:01:10Z,23.5,1740
10.1905144,46.6545304,2019-11-05T19:01:10Z,26.5,1740
10.1905144,46.6545304,2019-11-05T21:01:10Z,30.5,1740
10.1905144,46.6545304,2019-11-05T23:01:10Z,26,1740
10.1905144,46.6545304,2019-11-06T03:01:10Z,29,1740
10.1905144,46.6545304,2019-11-06T07:01:10Z,26.5,1740
10.1905144,46.6545304,2019-11-06T11:01:10Z,18,1740
10.1905144,46.6545304,2019-11-06T15:01:10Z,21.5,1740
10.1899889,46.6469973,2019-11-06T19:01:06Z,14.5,2002
10.1899889,46.6469973,2019-11-06T21:01:10Z,6,2002
10.1899889,46.6469973,2019-11-06T23:01:10Z,23,2002
10.1899889,46.6469973,2019-11-07T03:01:10Z,4.5,2002
10.1899889,46.6469973,2019-11-07T07:01:10Z,19,2002
10.1899889,46.6469973,2019-11-07T11:01:10Z,24,2002
10.1899889,46.6469973,2019-11-07T15:01:10Z,30,2002
10.1805818,46.6470419,2019-11-07T19:01:11Z,14,1844
10.1872617,46.6468012,2019-11-07T21:01:10Z,24.5,1981
10.1875018,46.654621,2019-11-07T23:00:51Z,24,1811
10.1814301,46.6378623,2019-11-08T03:00:37Z,4,1679
10.1814301,46.6378623,2019-11-08T07:01:10Z,22,1679
10.1814301,46.6378623,2019-11-08T11:01:10Z,26,1679
10.1814301,46.6378623,2019-11-08T15:01:10Z,28,1679
10.1814301,46.6378623,2019-11-08T19:01:10Z,25.5,1679
10.1814301,46.6378623,2019-11-08T21:01:10Z,23,1679
10.1794653,46.6706135,2019-11-08T23:01:10Z,4,2139
10.193986,46.6366861,2019-11-09T03:01:05Z,9,1833
10.193986,46.6366861,2019-11-09T07:01:10Z,24.5,1833
10.193986,46.6366861,2019-11-09T11:01:10Z,27,1833
10.193986,46.6366861,2019-11-09T15:01:10Z,21,1833
10.1748675,46.6442981,2019-11-09T19:01:06Z,16.5,1669
10.1751354,46.645489,2019-11-09T21:00:42Z,19,1730
10.1701849,46.6182087,2019-11-09T23:01:10Z,19,2526
10.177808,46.6471095,2019-11-10T03:01:10Z,4,1812
10.177808,46.6471095,2019-11-10T07:01:10Z,26.5,1812
10.177808,46.6471095,2019-11-10T11:01:10Z,29.5,1812
10.177808,46.6471095,2019-11-10T15:01:10Z,24,1812
10.177808,46.6471095,2019-11-10T19:01:10Z,1,1812
10.1914245,46.6388665,2019-11-10T21:00:35Z,15.5,1921
10.1914874,46.638894,2019-11-10T23:00:33Z,22.5,1921
10.1962586,46.6371671,2019-11-11T03:01:04Z,24.5,1892
10.1962586,46.6371671,2019-11-11T07:01:10Z,22.5,1892
10.1970095,46.6374367,2019-11-11T11:01:07Z,21.5,1943
10.1970234,46.6373888,2019-11-11T15:00:33Z,19,1911
10.1970234,46.6373888,2019-11-11T19:01:10Z,19,1911
10.1972337,46.636157,2019-11-11T21:01:07Z,24,1870
10.2010649,46.6098861,2019-11-11T23:00:37Z,20.5,2464
10.2010649,46.6098861,2019-11-12T03:01:10Z,10,2464
10.2010649,46.6098861,2019-11-12T07:01:10Z,29,2464
10.2010649,46.6098861,2019-11-12T11:01:10Z,29,2464
10.1933445,46.6391841,2019-11-12T15:01:07Z,21.5,1958
10.1933445,46.6391841,2019-11-12T19:01:10Z,4,1958
10.1933445,46.6391841,2019-11-12T21:01:10Z,11,1958
10.1933445,46.6391841,2019-11-12T23:01:10Z,24,1958
10.1933445,46.6391841,2019-11-13T03:01:10Z,22.5,1958
10.1933445,46.6391841,2019-11-13T07:01:10Z,27,1958
10.1933445,46.6391841,2019-11-13T11:01:10Z,19.5,1958
10.1933445,46.6391841,2019-11-13T15:01:10Z,23.5,1958
10.1933445,46.6391841,2019-11-13T19:01:10Z,-0.5,1958
10.1659099,46.6565328,2019-11-13T21:01:07Z,-1.5,1676
10.1716353,46.6695858,2019-11-13T23:01:10Z,-0.5,1930
10.1688775,46.6520578,2019-11-14T03:01:05Z,-1,1665
10.1688775,46.6520578,2019-11-14T07:01:10Z,22.5,1665
10.1688775,46.6520578,2019-11-14T11:01:10Z,28,1665
10.1688775,46.6520578,2019-11-14T15:01:10Z,30.5,1665
10.1676052,46.6516114,2019-11-14T19:00:35Z,15.5,1679
10.1679,46.6514279,2019-11-14T21:00:57Z,25,1663
10.1679,46.6514279,2019-11-14T23:01:10Z,28.5,1663
10.1692753,46.6526929,2019-11-15T03:00:59Z,5,1689
10.1773892,46.6647115,2019-11-15T07:01:10Z,30.5,1938
10.1692749,46.6527475,2019-11-15T11:01:07Z,30.5,1689
10.1693626,46.6527515,2019-11-15T15:01:07Z,32,1704
10.1693626,46.6527515,2019-11-15T19:01:10Z,23,1704
10.1690103,46.6527002,2019-11-15T21:00:57Z,23,1689
10.1690943,46.6526878,2019-11-15T23:00:34Z,29,1689
10.1693415,46.6527544,2019-11-16T03:00:36Z,23,1704
10.1667554,46.6581274,2019-11-16T07:01:10Z,24,1671
10.1667554,46.6581274,2019-11-16T11:01:10Z,32,1671
10.1693194,46.6526927,2019-11-16T15:01:06Z,20,1689
10.1693194,46.6526927,2019-11-16T19:01:10Z,0,1689
10.1693194,46.6526927,2019-11-16T21:01:10Z,3.5,1689
10.1693194,46.6526927,2019-11-16T23:01:10Z,1,1689
10.1693194,46.6526927,2019-11-17T03:01:10Z,22.5,1689
10.1693194,46.6526927,2019-11-17T07:01:10Z,27.5,1689
10.1693194,46.6526927,2019-11-17T11:01:10Z,27,1689
10.1693194,46.6526927,2019-11-17T15:01:10Z,22,1689
10.1693194,46.6526927,2019-11-17T19:01:10Z,21.5,1689
10.1693194,46.6526927,2019-11-17T21:01:10Z,28,1689
10.1693194,46.6526927,2019-11-17T23:01:10Z,21,1689
10.1693194,46.6526927,2019-11-18T03:01:10Z,25.5,1689
10.1693194,46.6526927,2019-11-18T07:01:10Z,21.5,1689
10.1693194,46.6526927,2019-11-18T11:01:10Z,20,1689
10.1693194,46.6526927,2019-11-18T15:01:10Z,24.5,1689
10.193754,46.6502862,2019-11-18T19:01:10Z,1,1960
10.2059754,46.6420374,2019-11-18T21:01:09Z,22.5,2346
10.1910205,46.638862,2019-11-18T23:01:09Z,24,1910
10.2110077,46.6430237,2019-11-19T03:01:09Z,18.5,2492
10.1909087,46.6386798,2019-11-19T07:00:33Z,26.5,1910
10.1857381,46.6521822,2019-11-19T11:01:08Z,24,1710
10.1857381,46.6521822,2019-11-19T15:01:10Z,25.5,1710
10.1857381,46.6521822,2019-11-19T19:01:10Z,2.5,1710
10.1783166,46.6594536,2019-11-19T21:00:44Z,12,1870
10.1783166,46.6594536,2019-11-19T23:01:10Z,27,1870
10.1967243,46.6416243,2019-11-20T03:01:05Z,27,2097
10.1967243,46.6416243,2019-11-20T07:01:10Z,19.5,2097
10.1978837,46.6395555,2019-11-20T11:01:07Z,21,2068
10.1977765,46.639522,2019-11-20T15:01:01Z,19,2053
10.1977765,46.639522,2019-11-20T19:01:10Z,11.5,2053
10.1708054,46.6582788,2019-11-20T21:01:10Z,2,1710
10.1317128,46.7167917,2019-11-20T23:01:10Z,0.5,2859
10.1317128,46.7167917,2019-11-21T03:01:10Z,2.5,2859
10.1647834,46.6677148,2019-11-21T07:01:04Z,33,1747
10.1647834,46.6677148,2019-11-21T11:01:10Z,19.5,1747
10.1722224,46.6632223,2019-11-21T15:01:08Z,17,1792
10.1960768,46.6487603,2019-11-21T19:01:10Z,1,2111
10.1924035,46.6358239,2019-11-21T21:01:08Z,3.5,1800
10.1943265,46.6336584,2019-11-21T23:01:10Z,3,1710
10.1938808,46.633302,2019-11-22T03:00:33Z,6,1698
10.1990363,46.6399094,2019-11-22T07:00:57Z,16.5,2095
10.2323757,46.6433683,2019-11-22T11:01:02Z,30.5,2491
10.2323757,46.6433683,2019-11-22T15:01:10Z,25,2491
10.2011609,46.6519709,2019-11-22T19:01:01Z,23.5,2042
10.2083834,46.6386456,2019-11-22T21:01:05Z,26.5,2307
10.2083834,46.6386456,2019-11-22T23:01:10Z,22,2307
10.2083834,46.6386456,2019-11-23T03:01:10Z,3.5,2307
10.1796111,46.654517,2019-11-23T07:01:08Z,10,1765
10.1796111,46.654517,2019-11-23T11:01:10Z,26,1765
10.1796111,46.654517,2019-11-23T15:01:10Z,23,1765
10.1785415,46.6592416,2019-11-23T19:01:08Z,2,1891
10.1785415,46.6592416,2019-11-23T21:01:10Z,9.5,1891
10.1785415,46.6592416,2019-11-23T23:01:10Z,26.5,1891
10.1728261,46.6472161,2019-11-24T03:01:01Z,7.5,1741
10.1728261,46.6472161,2019-11-24T07:01:10Z,25.5,1741
10.1728261,46.6472161,2019-11-24T11:01:10Z,26,1741
10.1728261,46.6472161,2019-11-24T15:01:10Z,20,1741
10.1728261,46.6472161,2019-11-24T19:01:10Z,21.5,1741
10.1729599,46.6406401,2019-11-24T21:00:50Z,15,1766
10.1729599,46.6406401,2019-11-24T23:01:10Z,5,1766
10.1840637,46.6340939,2019-11-25T03:01:08Z,2.5,1687
10.1840637,46.6340939,2019-11-25T07:01:10Z,24.5,1687
10.1959574,46.636962,2019-11-25T11:00:33Z,24.5,1879
10.1959574,46.636962,2019-11-25T15:01:10Z,24.5,1879
10.1959574,46.636962,2019-11-25T19:01:10Z,4,1879
10.1922328,46.6303595,2019-11-25T21:01:00Z,9,1778
10.1945258,46.6376437,2019-11-25T23:00:33Z,11,1906
10.1945258,46.6376437,2019-11-26T03:01:10Z,4,1906
10.1945258,46.6376437,2019-11-26T07:01:10Z,20.5,1906
10.1835141,46.6580854,2019-11-26T11:01:08Z,25.5,2074
10.1835141,46.6580854,2019-11-26T15:01:10Z,19,2074
10.1835141,46.6580854,2019-11-26T19:01:10Z,4,2074
10.1845139,46.6483173,2019-11-26T21:01:08Z,4,1940
10.1691006,46.6558291,2019-11-26T23:01:03Z,14.5,1739
10.1691006,46.6558291,2019-11-27T03:01:10Z,1.5,1739
10.1691006,46.6558291,2019-11-27T07:01:10Z,25,1739
10.1977585,46.6455387,2019-11-27T11:00:33Z,25,2182
10.1945276,46.6318571,2019-11-27T15:01:08Z,16,1694
10.2290791,46.7535971,2019-11-27T19:01:08Z,26.5,1969
10.2290791,46.7535971,2019-11-27T21:01:10Z,3.5,1969
10.2290791,46.7535971,2019-11-27T23:01:10Z,4,1969
10.1893899,46.64373,2019-11-28T03:01:10Z,19,1985
10.201498,46.6531181,2019-11-28T07:00:33Z,28,2057
10.2016849,46.6532878,2019-11-28T11:00:33Z,13.5,2057
10.2210611,46.6638337,2019-11-28T15:00:42Z,29.5,1886
10.2210611,46.6638337,2019-11-28T19:01:10Z,4.5,1886
10.1695464,46.6481214,2019-11-28T21:01:08Z,5.5,1672
10.1745122,46.651052,2019-11-28T23:00:35Z,7.5,1823
10.190898,46.6149242,2019-11-29T03:01:10Z,0,2000
10.1958803,46.636901,2019-11-29T07:01:08Z,26,1879
10.235903,46.6274758,2019-11-29T11:00:57Z,21,2346
10.235903,46.6274758,2019-11-29T15:01:10Z,31.5,2346
10.1706096,46.6559236,2019-11-29T19:01:08Z,8,1739
10.1585426,46.6650813,2019-11-29T21:01:08Z,17.5,1684
10.1699732,46.6556102,2019-11-29T23:00:53Z,14,1753
10.1763446,46.6519461,2019-11-30T03:01:10Z,1.5,1777
10.1763446,46.6519461,2019-11-30T07:01:10Z,26.5,1777
10.1763446,46.6519461,2019-11-30T11:01:10Z,27.5,1777
10.1763446,46.6519461,2019-11-30T15:01:10Z,27,1777
10.1865096,46.6333755,2019-11-30T19:01:10Z,-3,1708
10.1772483,46.6352079,2019-11-30T21:00:33Z,10,1915
10.1777985,46.6351332,2019-11-30T23:00:35Z,2,1901
10.1796589,46.6355677,2019-12-01T03:00:36Z,7.5,1791
10.1869148,46.6387382,2019-12-01T07:01:05Z,18.5,1846
10.1869543,46.6387992,2019-12-01T11:01:08Z,20,1846
10.1868835,46.6386756,2019-12-01T15:00:51Z,26,1846
10.1868835,46.6386756,2019-12-01T19:01:10Z,5.5,1846
10.1614153,46.6319411,2019-12-01T21:01:10Z,14,2244
10.1796905,46.6355943,2019-12-01T23:00:34Z,16,1791
10.1797268,46.635535,2019-12-02T03:00:58Z,19,1791
10.1797268,46.635535,2019-12-02T07:01:10Z,26.5,1791
10.1797268,46.635535,2019-12-02T11:01:10Z,26.5,1791
10.1797268,46.635535,2019-12-02T15:01:10Z,22.5,1791
10.1792474,46.6355793,2019-12-02T19:00:33Z,16.5,1822
10.1792309,46.6355826,2019-12-02T21:00:33Z,18.5,1822
10.1813961,46.6381627,2019-12-02T23:01:05Z,14.5,1693
10.18118,46.6384728,2019-12-03T03:00:36Z,17,1682
10.1767415,46.6340835,2019-12-03T07:00:36Z,19.5,1965
10.1767415,46.6339539,2019-12-03T11:00:33Z,14,1965
10.1753089,46.6216583,2019-12-03T15:00:33Z,17,2270
10.1782733,46.635471,2019-12-03T19:00:36Z,18,1880
10.1771468,46.6351529,2019-12-03T21:00:35Z,2,1915
10.1806131,46.6349973,2019-12-03T23:01:04Z,20.5,1780
10.1805466,46.6350029,2019-12-04T03:01:08Z,19.5,1780
10.1767181,46.6340738,2019-12-04T07:00:33Z,14,1965
10.14735,46.6174551,2019-12-04T11:01:10Z,19,2551
10.1767672,46.6340997,2019-12-04T15:00:51Z,18.5,1965
10.1872478,46.6355584,2019-12-04T19:01:10Z,12.5,1720
10.1871789,46.6354587,2019-12-04T21:01:07Z,20.5,1720
10.1930403,46.6375769,2019-12-04T23:00:36Z,15,1907
10.1798626,46.633093,2019-12-05T03:01:10Z,0,1927
10.1767309,46.6340726,2019-12-05T07:00:33Z,20.5,1965
10.176725,46.6340498,2019-12-05T11:00:52Z,23,1965
10.1768179,46.6333459,2019-12-05T15:01:10Z,17.5,1991
10.1771428,46.6352406,2019-12-05T19:00:33Z,12,1915
10.1771389,46.6351,2019-12-05T21:01:08Z,5.5,1915
10.1790523,46.6356334,2019-12-05T23:00:59Z,14.5,1822
10.1947585,46.6365534,2019-12-06T03:00:57Z,11,1831
10.1959772,46.6369925,2019-12-06T07:00:53Z,22,1879
10.1959772,46.6369925,2019-12-06T11:01:10Z,27.5,1879
10.1925847,46.6462241,2019-12-06T15:01:01Z,24.5,2073
10.1925847,46.6462241,2019-12-06T19:01:10Z,0,2073
10.1925847,46.6462241,2019-12-06T21:01:10Z,-3,2073
10.175098,46.6167679,2019-12-06T23:01:08Z,5.5,2149
10.193045,46.6354608,2019-12-07T03:00:35Z,12.5,1746
10.1959584,46.6369277,2019-12-07T07:01:00Z,29,1879
10.1959653,46.6370149,2019-12-07T11:01:08Z,29.5,1879
10.1959653,46.6370149,2019-12-07T15:01:10Z,26,1879
10.1990671,46.6410185,2019-12-07T19:01:08Z,-0.5,2133
10.1990671,46.6410185,2019-12-07T21:01:10Z,4.5,2133
10.1895162,46.6365338,2019-12-07T23:00:35Z,17,1812
10.2083007,46.6529408,2019-12-08T03:01:08Z,6,2181
10.2044912,46.6625752,2019-12-08T07:01:10Z,24,1808
10.2044912,46.6625752,2019-12-08T11:01:10Z,28,1808
10.2044912,46.6625752,2019-12-08T15:01:10Z,28.5,1808
10.1999649,46.6313523,2019-12-08T19:00:33Z,18.5,1924
10.1941054,46.6297584,2019-12-08T21:00:54Z,0,1720
10.1769455,46.6349116,2019-12-08T23:01:07Z,4,1937
10.1769455,46.6349116,2019-12-09T03:01:10Z,25.5,1937
10.1769455,46.6349116,2019-12-09T07:01:10Z,23.5,1937
10.2075618,46.6505865,2019-12-09T11:01:07Z,20.5,2295
10.1748171,46.6607389,2019-12-09T15:01:07Z,21,1798
10.177847,46.6506016,2019-12-09T19:01:10Z,1,1806
10.1673664,46.6056164,2019-12-09T21:01:07Z,4,2085
10.1727453,46.6457398,2019-12-09T23:01:07Z,17.5,1694
10.1727453,46.6457398,2019-12-10T03:01:10Z,9,1694
10.1688398,46.6326188,2019-12-10T07:00:56Z,13,1907
10.1765106,46.639421,2019-12-10T11:01:07Z,26.5,1734
10.1765106,46.639421,2019-12-10T15:01:10Z,16.5,1734
10.1683929,46.6552859,2019-12-10T19:00:36Z,14.5,1696
10.1683448,46.6553182,2019-12-10T21:00:34Z,24,1696
10.168295,46.6552163,2019-12-10T23:00:33Z,19.5,1696
10.1692334,46.6527057,2019-12-11T03:00:37Z,15,1689
10.1693135,46.6526947,2019-12-11T07:00:33Z,15,1689
10.175288,46.6497367,2019-12-11T11:00:33Z,23,1868
10.1720577,46.6455428,2019-12-11T15:01:03Z,21.5,1666
10.1716167,46.6576484,2019-12-11T19:01:07Z,2.5,1704
10.1716167,46.6576484,2019-12-11T21:01:10Z,23,1704
10.1919783,46.6547023,2019-12-11T23:01:07Z,13,1751
10.2435635,46.6998296,2019-12-12T03:01:10Z,26.5,2244
10.1918488,46.654705,2019-12-12T07:00:35Z,29,1751
10.2008265,46.6542145,2019-12-12T11:00:58Z,22,2010
10.1917745,46.6548129,2019-12-12T15:00:44Z,24,1751
10.1946289,46.6311775,2019-12-12T19:00:33Z,-3.5,1696
10.1947638,46.6368076,2019-12-12T21:00:35Z,9.5,1831
10.1946634,46.6366023,2019-12-12T23:00:33Z,21.5,1831
10.1946182,46.6366121,2019-12-13T03:00:33Z,20.5,1831
10.1959286,46.6369438,2019-12-13T07:01:03Z,20,1879
10.1959851,46.6369651,2019-12-13T11:01:04Z,23.5,1879
10.1959538,46.6370136,2019-12-13T15:00:51Z,21.5,1879
10.1833335,46.6345124,2019-12-13T19:01:10Z,1,1682
10.1833335,46.6345124,2019-12-13T21:01:10Z,21,1682
10.1833335,46.6345124,2019-12-13T23:01:10Z,17,1682
10.1833335,46.6345124,2019-12-14T03:01:10Z,19,1682
10.1833335,46.6345124,2019-12-14T07:01:10Z,24,1682
10.1606296,46.6511398,2019-12-14T11:01:07Z,14.5,1928
10.1606296,46.6511398,2019-12-14T15:01:10Z,17.5,1928
10.1873763,46.6356209,2019-12-14T19:01:03Z,1,1717
10.189585,46.6365347,2019-12-14T21:00:33Z,18.5,1812
10.194433,46.6365026,2019-12-14T23:00:53Z,9,1831
10.1946634,46.6365961,2019-12-15T03:00:33Z,24.5,1831
10.1959946,46.6370104,2019-12-15T07:00:57Z,19,1879
10.1959024,46.6370738,2019-12-15T11:00:36Z,21.5,1879
10.2206226,46.6473828,2019-12-15T15:01:01Z,28.5,2487
10.1981142,46.629993,2019-12-15T19:00:33Z,4.5,1803
10.1990084,46.63068,2019-12-15T21:00:58Z,3.5,1840
10.1981575,46.6444693,2019-12-15T23:01:09Z,21,2176
10.200553,46.6316487,2019-12-16T03:00:33Z,3.5,1975
10.1965193,46.6316297,2019-12-16T07:01:00Z,19.5,1786
10.1964158,46.6316434,2019-12-16T11:01:10Z,25,1786
10.1965823,46.631614,2019-12-16T15:00:34Z,19,1786
10.1960661,46.6306671,2019-12-16T19:00:33Z,14,1724
10.1978403,46.6299138,2019-12-16T21:00:51Z,4,1782
10.2026938,46.6339826,2019-12-16T23:01:09Z,5,2094
10.2026938,46.6339826,2019-12-17T03:01:10Z,6.5,2094
10.1964748,46.6316783,2019-12-17T07:01:00Z,22,1786
10.1964748,46.6316783,2019-12-17T11:01:10Z,21,1786
10.1620146,46.5861358,2019-12-17T15:01:08Z,25,2137
10.1981918,46.6301473,2019-12-17T19:00:53Z,18.5,1803
10.1980484,46.6302102,2019-12-17T21:01:10Z,23.5,1803
10.1980484,46.6302102,2019-12-17T23:01:10Z,7,1803
10.1980484,46.6302102,2019-12-18T03:01:10Z,11,1803
10.1980484,46.6302102,2019-12-18T07:01:10Z,20.5,1803
10.1980484,46.6302102,2019-12-18T11:01:10Z,29.5,1803
10.1980484,46.6302102,2019-12-18T15:01:10Z,25.5,1803
10.192561,46.6362329,2019-12-18T19:00:53Z,13.5,1800
10.1980243,46.6299702,2019-12-18T21:00:35Z,4.5,1803
10.19729,46.6310357,2019-12-18T23:00:33Z,18.5,1803
10.1972727,46.6323994,2019-12-19T03:00:34Z,8,1826
10.1972727,46.6323994,2019-12-19T07:01:10Z,24,1826
10.1972727,46.6323994,2019-12-19T11:01:10Z,28,1826
10.1972727,46.6323994,2019-12-19T15:01:10Z,21.5,1826
10.1771436,46.6489536,2019-12-19T19:00:59Z,6,1856
10.1912188,46.654447,2019-12-19T21:00:33Z,24,1746
10.1879561,46.651393,2019-12-19T23:01:10Z,5,1764
10.196054,46.6370155,2019-12-20T03:01:10Z,6.5,1879
10.1962196,46.6374511,2019-12-20T07:01:09Z,24,1928
10.1962196,46.6374511,2019-12-20T11:01:10Z,22.5,1928
10.1962196,46.6374511,2019-12-20T15:01:10Z,28,1928
10.1962196,46.6374511,2019-12-20T19:01:10Z,20,1928
10.1962196,46.6374511,2019-12-20T21:01:10Z,19,1928
10.1962196,46.6374511,2019-12-20T23:01:10Z,19,1928
10.1962196,46.6374511,2019-12-21T03:01:10Z,29,1928
10.1962196,46.6374511,2019-12-21T07:01:10Z,20.5,1928
10.1962196,46.6374511,2019-12-21T11:01:10Z,23.5,1928
10.2366849,46.6428637,2019-12-21T15:01:10Z,26.5,2414
10.1815248,46.6371764,2019-12-21T19:01:08Z,1.5,1677
10.1815248,46.6371764,2019-12-21T21:01:10Z,8,1677
10.1672884,46.6568144,2019-12-21T23:01:08Z,17.5,1691
10.1698749,46.6560335,2019-12-22T03:00:33Z,6.5,1743
10.1707457,46.6672701,2019-12-22T07:01:10Z,17.5,1868
10.1823395,46.6442012,2019-12-22T11:01:10Z,17.5,1849
10.1823395,46.6442012,2019-12-22T15:01:10Z,23.5,1849
10.1897817,46.6349662,2019-12-22T19:00:59Z,1,1725
10.1996367,46.6311828,2019-12-22T21:00:35Z,9,1900
10.1975804,46.6318093,2019-12-22T23:00:33Z,3.5,1856
10.1947253,46.6365406,2019-12-23T03:00:33Z,22.5,1831
10.1947253,46.6365406,2019-12-23T07:01:10Z,19,1831
10.1947253,46.6365406,2019-12-23T11:01:10Z,30.5,1831
10.1947253,46.6365406,2019-12-23T15:01:10Z,30,1831
10.1947253,46.6365406,2019-12-23T19:01:10Z,22.5,1831
10.1947253,46.6365406,2019-12-23T21:01:10Z,20.5,1831
10.1947253,46.6365406,2019-12-23T23:01:10Z,22.5,1831
10.1944246,46.6328456,2019-12-24T03:00:33Z,-2.5,1705
10.1944246,46.6328456,2019-12-24T07:01:10Z,22,1705
10.1944246,46.6328456,2019-12-24T11:01:10Z,25,1705
10.1944246,46.6328456,2019-12-24T15:01:10Z,22.5,1705
10.1944246,46.6328456,2019-12-24T19:01:10Z,26.5,1705
10.1944246,46.6328456,2019-12-24T21:01:10Z,30,1705
10.1944246,46.6328456,2019-12-24T23:01:10Z,18.5,1705
10.1944246,46.6328456,2019-12-25T03:01:10Z,20,1705
10.1944246,46.6328456,2019-12-25T07:01:10Z,23,1705
10.1944246,46.6328456,2019-12-25T11:01:10Z,21,1705
10.1944246,46.6328456,2019-12-25T15:01:10Z,22.5,1705
10.169407,46.6473186,2019-12-25T19:01:07Z,0,1677
10.169407,46.6473186,2019-12-25T21:01:10Z,17,1677
10.169407,46.6473186,2019-12-25T23:01:10Z,31,1677
10.169407,46.6473186,2019-12-26T03:01:10Z,18,1677
10.1944785,46.6536813,2019-12-26T07:01:10Z,-4.5,1841
10.1721914,46.6522032,2019-12-26T11:01:10Z,25.5,1769
10.1782578,46.6826513,2019-12-26T15:00:52Z,18,2073
10.1708431,46.6458841,2019-12-26T19:00:54Z,0,1673
10.1644743,46.6453446,2019-12-26T21:00:35Z,1,1851
10.1650302,46.6452548,2019-12-26T23:00:33Z,2.5,1838
10.1649593,46.6455137,2019-12-27T03:00:33Z,1.5,1838
10.1651519,46.6466072,2019-12-27T07:00:33Z,13,1823
10.1663641,46.6379018,2019-12-27T11:01:08Z,25,1991
10.1651157,46.6466418,2019-12-27T15:01:05Z,23,1823
10.1702722,46.6521052,2019-12-27T19:01:08Z,12,1722
10.1702722,46.6521052,2019-12-27T21:01:10Z,8,1722
10.1702722,46.6521052,2019-12-27T23:01:10Z,29.5,1722
10.1702722,46.6521052,2019-12-28T03:01:10Z,24.5,1722
10.1702722,46.6521052,2019-12-28T07:01:10Z,15.5,1722
10.1702722,46.6521052,2019-12-28T11:01:10Z,19.5,1722
10.1702722,46.6521052,2019-12-28T15:01:10Z,24,1722
10.1702722,46.6521052,2019-12-28T19:01:10Z,1,1722
10.1915356,46.6316709,2019-12-28T21:00:35Z,7,1794
10.1919302,46.6312053,2019-12-28T23:00:33Z,9.5,1792
10.1847738,46.6449329,2019-12-29T03:01:08Z,22,1895
10.1847738,46.6449329,2019-12-29T07:01:10Z,19,1895
10.1959551,46.6369371,2019-12-29T11:00:38Z,22.5,1879
10.1959429,46.6370449,2019-12-29T15:01:05Z,24,1879
10.1945446,46.6375974,2019-12-29T19:00:36Z,24,1906
10.1945958,46.6366545,2019-12-29T21:00:34Z,20,1831
10.1945958,46.6366545,2019-12-29T23:01:10Z,20,1831
10.1511856,46.6245645,2019-12-30T03:01:10Z,27.5,2460
10.1959923,46.6369793,2019-12-30T07:00:33Z,18.5,1879
10.1959923,46.6369793,2019-12-30T11:01:10Z,30,1879
10.1960532,46.636952,2019-12-30T15:00:35Z,25,1879
10.1880498,46.6318366,2019-12-30T19:01:07Z,0,1824
10.1806618,46.649351,2019-12-30T21:01:10Z,0.5,1807
10.2092412,46.6755328,2019-12-30T23:00:42Z,2.5,2504
10.166873,46.6570008,2019-12-31T03:00:36Z,15.5,1684
10.2025645,46.536394,2019-12-31T07:00:46Z,28,2398
10.2025645,46.536394,2019-12-31T11:01:10Z,19.5,2398
10.1678326,46.6610107,2019-12-31T15:01:07Z,27,1729
10.1661811,46.6552419,2019-12-31T19:01:07Z,-0.5,1681
10.1661811,46.6552419,2019-12-31T21:01:10Z,-2,1681
10.1661811,46.6552419,2019-12-31T23:01:10Z,-3.5,1681
10.1661811,46.6552419,2020-01-01T03:01:10Z,26,1681
10.1661811,46.6552419,2020-01-01T07:01:10Z,20.5,1681
10.175878,46.645131,2020-01-01T11:00:54Z,15.5,1737
10.175878,46.645131,2020-01-01T15:01:10Z,22,1737
10.204678,46.6227528,2020-01-01T19:01:10Z,-3,1811
10.2000106,46.6312765,2020-01-01T21:00:34Z,9.5,1924
10.2000271,46.6312423,2020-01-01T23:00:13Z,26.5,1924
10.1939597,46.6355641,2020-01-02T03:00:33Z,2.5,1764
10.2891596,46.6737615,2020-01-02T07:01:10Z,17.5,2601
10.2891596,46.6737615,2020-01-02T11:01:10Z,26,2601
10.1654144,46.5978885,2020-01-02T15:01:06Z,22.5,2187
10.1884936,46.636,2020-01-02T19:01:06Z,8,1762
10.1892433,46.63634,2020-01-02T21:00:36Z,13.5,1812
10.1892433,46.63634,2020-01-02T23:01:10Z,26,1812
10.1989247,46.6332839,2020-01-03T03:01:04Z,25.5,1909
10.1960157,46.636952,2020-01-03T07:01:10Z,18.5,1879
10.1959211,46.6369966,2020-01-03T11:01:07Z,10.5,1879
10.1959772,46.637079,2020-01-03T15:00:33Z,15,1879
10.1942092,46.6379572,2020-01-03T19:00:33Z,11.5,1906
10.1941743,46.638014,2020-01-03T21:00:12Z,20,1906
10.1941812,46.6380148,2020-01-03T23:00:33Z,13,1906
10.2833771,46.7827387,2020-01-04T03:01:07Z,6,1469
10.1969946,46.6373521,2020-01-04T07:01:03Z,17,1911
10.2525426,46.6502814,2020-01-04T11:01:07Z,17,1991
10.1971495,46.6374387,2020-01-04T15:00:51Z,17.5,1943
10.18939,46.6366567,2020-01-04T19:00:57Z,22.5,1812
10.1878428,46.6391067,2020-01-04T21:00:08Z,19,1861
10.1876101,46.6394943,2020-01-04T23:00:35Z,9,1892
10.190827,46.640605,2020-01-05T03:00:35Z,12,2003
10.1821839,46.6195087,2020-01-05T07:00:53Z,18,1901
10.1821839,46.6195087,2020-01-05T11:01:10Z,25.5,1901
10.1919835,46.6394265,2020-01-05T15:01:10Z,23.5,1958
10.1941311,46.638010800000004,2020-01-05T19:00:36Z,14,1906
10.1945534,46.63761,2020-01-05T21:00:10Z,8,1906
10.1946549,46.6375724,2020-01-05T23:00:33Z,21.5,1906
10.1923655,46.6351748,2020-01-06T03:00:35Z,-1,1741
10.186482699999999,46.6482683,2020-01-06T07:01:07Z,14.5,1987
10.1970688,46.6374417,2020-01-06T11:00:34Z,24,1943
10.196993,46.6374771,2020-01-06T15:00:58Z,24.5,1943
10.1930192,46.6375736,2020-01-06T19:00:35Z,14,1907
10.1884825,46.6361167,2020-01-06T21:00:05Z,20,1762
10.1723074,46.6473543,2020-01-06T23:01:03Z,-2.5,1721
10.2088525,46.663146,2020-01-07T03:00:36Z,3.5,1792
10.211645,46.6467216,2020-01-07T07:01:07Z,14,2556
10.2120206,46.6552541,2020-01-07T11:01:10Z,21,2106
10.2341664,46.6659892,2020-01-07T15:01:06Z,19.5,2027
10.1945413,46.6375635,2020-01-07T19:00:33Z,1,1906
10.1945644,46.637634,2020-01-07T21:00:35Z,25,1906
10.1945538,46.6375984,2020-01-07T23:00:35Z,27,1906
10.1945726,46.6375891,2020-01-08T03:00:33Z,20.5,1906
10.2121634,46.6503589,2020-01-08T07:00:33Z,18,2461
10.197021,46.6374441,2020-01-08T11:01:03Z,25,1943
10.19619,46.6383286,2020-01-08T15:01:07Z,17.5,1972
10.1772991,46.5911857,2020-01-08T19:01:07Z,15.5,1862
10.1916031,46.6301077,2020-01-08T21:01:07Z,0,1802
10.1927182,46.629521,2020-01-08T23:01:10Z,27,1764
10.1957905,46.6245358,2020-01-09T03:00:33Z,1,1780
10.1957905,46.6245358,2020-01-09T07:01:10Z,18.5,1780
10.2106864,46.6437062,2020-01-09T11:01:07Z,26,2523
10.2106864,46.6437062,2020-01-09T15:01:10Z,24.5,2523
10.1983585,46.6385305,2020-01-09T19:00:34Z,20.5,2013
10.1984132,46.6385536,2020-01-09T21:00:33Z,24,2013
10.1984949,46.6385842,2020-01-09T23:00:33Z,23,2033
10.1971477,46.6383592,2020-01-10T03:00:35Z,20.5,1983
10.1971477,46.6383592,2020-01-10T07:01:10Z,24.5,1983
10.199151,46.6392267,2020-01-10T11:01:06Z,27,2096
10.2225989,46.6385171,2020-01-10T15:01:06Z,24.5,2367
10.2008833,46.6626644,2020-01-10T19:01:09Z,4,1781
10.192587,46.6358364,2020-01-10T21:00:36Z,13,1798
10.1925706,46.6358768,2020-01-10T23:00:36Z,26,1800
10.1935358,46.6364171,2020-01-11T03:01:09Z,12,1841
10.1943865,46.638588,2020-01-11T07:00:54Z,24.5,1947
10.1961529,46.6391581,2020-01-11T11:01:03Z,19,2008
10.1944531,46.6385702,2020-01-11T15:01:03Z,19,1947
10.1739994,46.6478434,2020-01-11T19:00:36Z,11.5,1794
10.1739994,46.6478434,2020-01-11T21:01:10Z,14.5,1794
10.1739994,46.6478434,2020-01-11T23:01:10Z,16,1794
10.1792865,46.6431474,2020-01-12T03:01:03Z,7,1728
10.2240467,46.6468214,2020-01-12T07:01:09Z,20.5,2380
10.1953326,46.638684,2020-01-12T11:01:10Z,33.5,1991
10.1965772,46.6376124,2020-01-12T15:00:51Z,25.5,1928
10.1930954,46.6383049,2020-01-12T19:01:10Z,2,1922
10.1926111,46.6362925,2020-01-12T21:00:37Z,20.5,1851
10.1947853,46.6365353,2020-01-12T23:00:04Z,17.5,1831
10.1946786,46.6366199,2020-01-13T03:00:36Z,15.5,1831
10.1946786,46.6366199,2020-01-13T07:01:10Z,11,1831
10.1964618,46.6394584,2020-01-13T11:00:54Z,35.5,2032
10.1964618,46.6394584,2020-01-13T15:01:10Z,21,2032
10.1970059,46.6600417,2020-01-13T19:01:10Z,-4.5,1768
10.1951585,46.6592813,2020-01-13T21:00:04Z,-6.5,1769
10.1802019,46.6530006,2020-01-13T23:00:33Z,13,1708
10.1802019,46.6530006,2020-01-14T03:01:10Z,11.5,1708
10.1802019,46.6530006,2020-01-14T07:01:10Z,17,1708
10.1802019,46.6530006,2020-01-14T11:01:10Z,21,1708
10.1802019,46.6530006,2020-01-14T15:01:10Z,20,1708
10.1945299,46.6306548,2020-01-14T19:00:36Z,-3.5,1701
10.2144968,46.6183184,2020-01-14T21:01:05Z,-3.5,1785
10.2283742,46.6310003,2020-01-14T23:00:35Z,-3.5,2114
10.2030141,46.6398807,2020-01-15T03:00:33Z,8,2194
10.1979395,46.6389775,2020-01-15T07:00:57Z,12,2045
10.1978858,46.6390374,2020-01-15T11:00:33Z,17.5,2045
10.197866,46.638976,2020-01-15T15:01:04Z,17,2029
10.2037129,46.6397394,2020-01-15T19:00:35Z,15,2196
10.1934403,46.6374838,2020-01-15T21:00:10Z,-1.5,1908
10.1924513,46.635803,2020-01-15T23:00:33Z,13.5,1800
10.1979213,46.6381058,2020-01-16T03:00:33Z,13,2013
10.1979359,46.6390105,2020-01-16T07:00:57Z,15.5,2045
10.1979534,46.6390531,2020-01-16T11:00:51Z,25.5,2045
10.197957,46.6390139,2020-01-16T15:00:59Z,28.5,2045
10.2039046,46.6397254,2020-01-16T19:01:10Z,3.5,2214
10.202992,46.6398561,2020-01-16T21:00:35Z,10,2194
10.204019,46.6398842,2020-01-16T23:00:11Z,1,2225
10.197958,46.6390413,2020-01-17T03:00:35Z,8.5,2045
10.19795,46.6390501,2020-01-17T07:00:34Z,14.5,2045
10.2024634,46.6377305,2020-01-17T11:01:07Z,28.5,2153
10.1979886,46.6389973,2020-01-17T15:00:51Z,28,2045
10.2040035,46.6399335,2020-01-17T19:00:33Z,9.5,2225
10.2026941,46.6426126,2020-01-17T21:00:53Z,2.5,2268
10.2022026,46.6459959,2020-01-17T23:00:34Z,12.5,2333
10.2025376,46.6423867,2020-01-18T03:00:33Z,10,2252
10.1979043,46.6390518,2020-01-18T07:01:05Z,17,2045
10.2209802,46.6428415,2020-01-18T11:01:09Z,21,2475
10.1979207,46.6390114,2020-01-18T15:01:07Z,14,2045
10.1925727,46.6307208,2020-01-18T19:01:10Z,-2.5,1778
10.192979,46.6292222,2020-01-18T21:00:35Z,24.5,1764
10.1929777,46.629237,2020-01-18T23:00:35Z,14.5,1764
10.201591,46.6414453,2020-01-19T03:01:10Z,21.5,2198
10.2071609,46.6337478,2020-01-19T07:01:10Z,16.5,2114
10.1998179,46.6377037,2020-01-19T11:01:06Z,23,2066
10.1998179,46.6377037,2020-01-19T15:01:10Z,25.5,2066
10.1998179,46.6377037,2020-01-19T19:01:10Z,15.5,2066
10.1941893,46.6463925,2020-01-19T21:01:07Z,17,2089
10.1941893,46.6463925,2020-01-19T23:01:10Z,17.5,2089
10.1941893,46.6463925,2020-01-20T03:01:10Z,25.5,2089
10.1979161,46.6390109,2020-01-20T07:00:36Z,9.5,2045
10.1980094,46.6390305,2020-01-20T11:00:35Z,22,2045
10.1980094,46.6390305,2020-01-20T15:01:10Z,24.5,2045
10.2036743,46.634571,2020-01-20T19:01:10Z,-5.5,2121
10.2036743,46.634571,2020-01-20T21:01:10Z,3,2121
10.2036743,46.634571,2020-01-20T23:01:10Z,15,2121
10.2051215,46.6477384,2020-01-21T03:01:07Z,17.5,2396
10.2051215,46.6477384,2020-01-21T07:01:10Z,22.5,2396
